Name,AccountExternalId,SecurityExternalId,MarketValue__c,Quantity__c
PA_0001-HDFCBANK,PA_0001,SEC_HDFCBANK,5040000,100
PA_0002-ICICIBANK,PA_0002,SEC_ICICIBANK,4840000,100
PA_0003-BANKBEES,PA_0003,SEC_BANKBEES,3150000,100
PA_0004-AXISBANK,PA_0004,SEC_AXISBANK,2764636,100
PA_0005-ICICIBANK,PA_0005,SEC_ICICIBANK,1240824,100
PA_0006-BAJAJFINSV,PA_0006,SEC_BAJAJFINSV,1009612,100
PA_0007-ICICIBANK,PA_0007,SEC_ICICIBANK,3855417,100
PA_0008-BAJAJFINSV,PA_0008,SEC_BAJAJFINSV,4142405,100
PA_0114-BAJFINANCE,PA_0114,SEC_BAJFINANCE,1516328,100
PA_0371-SBIN,PA_0371,SEC_SBIN,8132338,100
PA_0239-BAJAJFINSV,PA_0239,SEC_BAJAJFINSV,2077117,100
PA_0375-BAJAJFINSV,PA_0375,SEC_BAJAJFINSV,2951368,100
PA_0326-HDFCBANK,PA_0326,SEC_HDFCBANK,1228309,100
PA_0101-KOTAKBANK,PA_0101,SEC_KOTAKBANK,1370759,100
PA_0427-ICICIBANK,PA_0427,SEC_ICICIBANK,3620863,100
PA_0293-BAJAJFINSV,PA_0293,SEC_BAJAJFINSV,1626580,100
PA_0409-ICICIBANK,PA_0409,SEC_ICICIBANK,2603644,100
PA_0175-BAJAJFINSV,PA_0175,SEC_BAJAJFINSV,883793,100
PA_0210-ICICIBANK,PA_0210,SEC_ICICIBANK,1537101,100
PA_0134-ICICIBANK,PA_0134,SEC_ICICIBANK,1341781,100
PA_0246-BAJFINANCE,PA_0246,SEC_BAJFINANCE,4747092,100
PA_0357-AXISBANK,PA_0357,SEC_AXISBANK,1209755,100
PA_0389-BANKBEES,PA_0389,SEC_BANKBEES,1568613,100
PA_0230-BANKBEES,PA_0230,SEC_BANKBEES,1403224,100
PA_0368-BAJAJFINSV,PA_0368,SEC_BAJAJFINSV,1311534,100
PA_0092-BANKBEES,PA_0092,SEC_BANKBEES,6655037,100
PA_0356-HDFCBANK,PA_0356,SEC_HDFCBANK,1905152,100
PA_0231-BAJAJFINSV,PA_0231,SEC_BAJAJFINSV,1545421,100
PA_0378-SBIN,PA_0378,SEC_SBIN,658494,100
PA_0152-HDFCBANK,PA_0152,SEC_HDFCBANK,1431721,100
PA_0228-BAJFINANCE,PA_0228,SEC_BAJFINANCE,868705,100
PA_0195-KOTAKBANK,PA_0195,SEC_KOTAKBANK,971123,100
PA_0258-HDFCBANK,PA_0258,SEC_HDFCBANK,1128505,100
PA_0342-KOTAKBANK,PA_0342,SEC_KOTAKBANK,850695,100
PA_0275-ICICIBANK,PA_0275,SEC_ICICIBANK,1831196,100
PA_0302-KOTAKBANK,PA_0302,SEC_KOTAKBANK,944863,100
PA_0438-HDFCBANK,PA_0438,SEC_HDFCBANK,1625001,100
PA_0252-BAJAJFINSV,PA_0252,SEC_BAJAJFINSV,6719888,100
PA_0098-ICICIBANK,PA_0098,SEC_ICICIBANK,3788204,100
PA_0135-SBIN,PA_0135,SEC_SBIN,1061787,100
PA_0263-AXISBANK,PA_0263,SEC_AXISBANK,634507,100
PA_0273-BANKBEES,PA_0273,SEC_BANKBEES,1397010,100
PA_0213-BAJFINANCE,PA_0213,SEC_BAJFINANCE,2771420,100
PA_0323-AXISBANK,PA_0323,SEC_AXISBANK,1122142,100
PA_0332-ICICIBANK,PA_0332,SEC_ICICIBANK,2984040,100
PA_0355-HDFCBANK,PA_0355,SEC_HDFCBANK,2976564,100
PA_0338-KOTAKBANK,PA_0338,SEC_KOTAKBANK,1186467,100
PA_0264-HDFCBANK,PA_0264,SEC_HDFCBANK,1001100,100
PA_0156-ICICIBANK,PA_0156,SEC_ICICIBANK,673945,100
PA_0158-ICICIBANK,PA_0158,SEC_ICICIBANK,1796401,100
PA_0444-BAJAJFINSV,PA_0444,SEC_BAJAJFINSV,1396075,100
PA_0242-BANKBEES,PA_0242,SEC_BANKBEES,3208337,100
PA_0253-BAJFINANCE,PA_0253,SEC_BAJFINANCE,2064976,100
PA_0392-ICICIBANK,PA_0392,SEC_ICICIBANK,2203551,100
PA_0161-SBIN,PA_0161,SEC_SBIN,295872,100
PA_0109-ICICIBANK,PA_0109,SEC_ICICIBANK,2397222,100
PA_0116-KOTAKBANK,PA_0116,SEC_KOTAKBANK,2058801,100
PA_0219-ICICIBANK,PA_0219,SEC_ICICIBANK,3243350,100
PA_0358-HDFCBANK,PA_0358,SEC_HDFCBANK,983394,100
PA_0278-AXISBANK,PA_0278,SEC_AXISBANK,804798,100
PA_0312-SBIN,PA_0312,SEC_SBIN,1393239,100
PA_0331-BAJAJFINSV,PA_0331,SEC_BAJAJFINSV,314944,100
PA_0001-LIQUIDBEES,PA_0001,SEC_LIQUIDBEES,2520000,118
PA_0001-HCLTECH,PA_0001,SEC_HCLTECH,2520000,116
PA_0001-HCLTECH,PA_0001,SEC_HCLTECH,2520000,466
PA_0001-M&M,PA_0001,SEC_M&M,2520000,217
PA_0001-SUNPHARMA,PA_0001,SEC_SUNPHARMA,2520000,177
PA_0001-RELIANCE,PA_0001,SEC_RELIANCE,2520000,380
PA_0002-TCS,PA_0002,SEC_TCS,4840000,362
PA_0002-ADANIPORTS,PA_0002,SEC_ADANIPORTS,4840000,291
PA_0002-TATAMOTORS,PA_0002,SEC_TATAMOTORS,4840000,292
PA_0003-HEROMOTOCO,PA_0003,SEC_HEROMOTOCO,1575000,118
PA_0003-TATAMOTORS,PA_0003,SEC_TATAMOTORS,1575000,307
PA_0003-HDFCLIFE,PA_0003,SEC_HDFCLIFE,1575000,435
PA_0003-HEROMOTOCO,PA_0003,SEC_HEROMOTOCO,1575000,309
PA_0003-MARUTI,PA_0003,SEC_MARUTI,1575000,498
PA_0003-ONGC,PA_0003,SEC_ONGC,1575000,481
PA_0004-GRASIM,PA_0004,SEC_GRASIM,2764636,196
PA_0004-NTPC,PA_0004,SEC_NTPC,2764636,227
PA_0004-DRREDDY,PA_0004,SEC_DRREDDY,2764636,247
PA_0005-BHARTIARTL,PA_0005,SEC_BHARTIARTL,620412,146
PA_0005-EICHERMOT,PA_0005,SEC_EICHERMOT,620412,133
PA_0005-COALINDIA,PA_0005,SEC_COALINDIA,620412,481
PA_0005-INFY,PA_0005,SEC_INFY,620412,301
PA_0005-LT,PA_0005,SEC_LT,620412,26
PA_0005-INDUSINDBK,PA_0005,SEC_INDUSINDBK,620412,368
PA_0006-UPL,PA_0006,SEC_UPL,757209,484
PA_0006-UPL,PA_0006,SEC_UPL,757209,82
PA_0006-ADANIPORTS,PA_0006,SEC_ADANIPORTS,757209,106
PA_0006-DRREDDY,PA_0006,SEC_DRREDDY,757209,77
PA_0007-ADANIPORTS,PA_0007,SEC_ADANIPORTS,2891563,75
PA_0007-EICHERMOT,PA_0007,SEC_EICHERMOT,2891563,490
PA_0007-ADANIENT,PA_0007,SEC_ADANIENT,2891563,244
PA_0007-BHARTIARTL,PA_0007,SEC_BHARTIARTL,2891563,75
PA_0008-BPCL,PA_0008,SEC_BPCL,4142405,310
PA_0008-UPL,PA_0008,SEC_UPL,4142405,327
PA_0008-NIFTYBEES,PA_0008,SEC_NIFTYBEES,4142405,199
PA_0009-M&M,PA_0009,SEC_M&M,1151450,136
PA_0009-INFY,PA_0009,SEC_INFY,1151450,366
PA_0009-HINDALCO,PA_0009,SEC_HINDALCO,1151450,264
PA_0010-APOLLOHOSP,PA_0010,SEC_APOLLOHOSP,1410907,190
PA_0010-EICHERMOT,PA_0010,SEC_EICHERMOT,1410907,115
PA_0010-HINDALCO,PA_0010,SEC_HINDALCO,1410907,320
PA_0010-LT,PA_0010,SEC_LT,1410907,472
PA_0011-UPL,PA_0011,SEC_UPL,1374912,93
PA_0011-SUNPHARMA,PA_0011,SEC_SUNPHARMA,1374912,111
PA_0011-TECHM,PA_0011,SEC_TECHM,1374912,348
PA_0011-APOLLOHOSP,PA_0011,SEC_APOLLOHOSP,1374912,98
PA_0011-LIQUIDBEES,PA_0011,SEC_LIQUIDBEES,1374912,339
PA_0011-INFY,PA_0011,SEC_INFY,1374912,461
PA_0012-EICHERMOT,PA_0012,SEC_EICHERMOT,906932,21
PA_0012-APOLLOHOSP,PA_0012,SEC_APOLLOHOSP,906932,15
PA_0012-HEROMOTOCO,PA_0012,SEC_HEROMOTOCO,906932,45
PA_0012-TITAN,PA_0012,SEC_TITAN,906932,411
PA_0012-DIVISLAB,PA_0012,SEC_DIVISLAB,906932,349
PA_0012-TATASTEEL,PA_0012,SEC_TATASTEEL,906932,393
PA_0013-ADANIENT,PA_0013,SEC_ADANIENT,1065985,91
PA_0013-SHRIRAMFIN,PA_0013,SEC_SHRIRAMFIN,1065985,442
PA_0013-NESTLEIND,PA_0013,SEC_NESTLEIND,1065985,220
PA_0014-MARUTI,PA_0014,SEC_MARUTI,1835623,83
PA_0014-ADANIENT,PA_0014,SEC_ADANIENT,1835623,14
PA_0014-COALINDIA,PA_0014,SEC_COALINDIA,1835623,323
PA_0015-ADANIENT,PA_0015,SEC_ADANIENT,1263808,58
PA_0015-APOLLOHOSP,PA_0015,SEC_APOLLOHOSP,1263808,353
PA_0015-TCS,PA_0015,SEC_TCS,1263808,429
PA_0016-NTPC,PA_0016,SEC_NTPC,1474634,304
PA_0016-LT,PA_0016,SEC_LT,1474634,168
PA_0016-DRREDDY,PA_0016,SEC_DRREDDY,1474634,263
PA_0016-NESTLEIND,PA_0016,SEC_NESTLEIND,1474634,164
PA_0016-ULTRACEMCO,PA_0016,SEC_ULTRACEMCO,1474634,311
PA_0016-ITC,PA_0016,SEC_ITC,1474634,113
PA_0017-BHARTIARTL,PA_0017,SEC_BHARTIARTL,820048,62
PA_0017-HEROMOTOCO,PA_0017,SEC_HEROMOTOCO,820048,423
PA_0017-TITAN,PA_0017,SEC_TITAN,820048,21
PA_0017-NIFTYBEES,PA_0017,SEC_NIFTYBEES,820048,179
PA_0017-LT,PA_0017,SEC_LT,820048,233
PA_0017-WIPRO,PA_0017,SEC_WIPRO,820048,359
PA_0018-TECHM,PA_0018,SEC_TECHM,3553788,327
PA_0018-LIQUIDBEES,PA_0018,SEC_LIQUIDBEES,3553788,113
PA_0018-BPCL,PA_0018,SEC_BPCL,3553788,342
PA_0018-M&M,PA_0018,SEC_M&M,3553788,47
PA_0019-SBILIFE,PA_0019,SEC_SBILIFE,898770,431
PA_0019-M&M,PA_0019,SEC_M&M,898770,294
PA_0019-LIQUIDBEES,PA_0019,SEC_LIQUIDBEES,898770,289
PA_0019-BPCL,PA_0019,SEC_BPCL,898770,336
PA_0019-INFY,PA_0019,SEC_INFY,898770,300
PA_0019-TECHM,PA_0019,SEC_TECHM,898770,352
PA_0020-ULTRACEMCO,PA_0020,SEC_ULTRACEMCO,638530,226
PA_0020-LT,PA_0020,SEC_LT,638530,162
PA_0020-JSWSTEEL,PA_0020,SEC_JSWSTEEL,638530,92
PA_0020-TATAMOTORS,PA_0020,SEC_TATAMOTORS,638530,230
PA_0020-TCS,PA_0020,SEC_TCS,638530,288
PA_0020-RELIANCE,PA_0020,SEC_RELIANCE,638530,329
PA_0021-JSWSTEEL,PA_0021,SEC_JSWSTEEL,1953341,298
PA_0021-COALINDIA,PA_0021,SEC_COALINDIA,1953341,382
PA_0021-NIFTYBEES,PA_0021,SEC_NIFTYBEES,1953341,402
PA_0022-BPCL,PA_0022,SEC_BPCL,1166988,353
PA_0022-ADANIENT,PA_0022,SEC_ADANIENT,1166988,380
PA_0022-ITC,PA_0022,SEC_ITC,1166988,491
PA_0023-ULTRACEMCO,PA_0023,SEC_ULTRACEMCO,1223693,74
PA_0023-CIPLA,PA_0023,SEC_CIPLA,1223693,388
PA_0023-DRREDDY,PA_0023,SEC_DRREDDY,1223693,445
PA_0024-COALINDIA,PA_0024,SEC_COALINDIA,476090,389
PA_0024-LT,PA_0024,SEC_LT,476090,217
PA_0024-TCS,PA_0024,SEC_TCS,476090,86
PA_0024-SBILIFE,PA_0024,SEC_SBILIFE,476090,269
PA_0024-HEROMOTOCO,PA_0024,SEC_HEROMOTOCO,476090,478
PA_0024-TATAMOTORS,PA_0024,SEC_TATAMOTORS,476090,50
PA_0025-ONGC,PA_0025,SEC_ONGC,1068381,212
PA_0025-LIQUIDBEES,PA_0025,SEC_LIQUIDBEES,1068381,200
PA_0025-BHARTIARTL,PA_0025,SEC_BHARTIARTL,1068381,81
PA_0025-INFY,PA_0025,SEC_INFY,1068381,293
PA_0025-DIVISLAB,PA_0025,SEC_DIVISLAB,1068381,267
PA_0026-TATASTEEL,PA_0026,SEC_TATASTEEL,1567856,128
PA_0026-NESTLEIND,PA_0026,SEC_NESTLEIND,1567856,450
PA_0026-WIPRO,PA_0026,SEC_WIPRO,1567856,316
PA_0027-TATASTEEL,PA_0027,SEC_TATASTEEL,2287001,308
PA_0027-WIPRO,PA_0027,SEC_WIPRO,2287001,216
PA_0027-TATACONSUM,PA_0027,SEC_TATACONSUM,2287001,451
PA_0027-TITAN,PA_0027,SEC_TITAN,2287001,256
PA_0027-ITC,PA_0027,SEC_ITC,2287001,360
PA_0028-TCS,PA_0028,SEC_TCS,491790,288
PA_0028-LT,PA_0028,SEC_LT,491790,388
PA_0028-SUNPHARMA,PA_0028,SEC_SUNPHARMA,491790,239
PA_0028-LIQUIDBEES,PA_0028,SEC_LIQUIDBEES,491790,78
PA_0028-RELIANCE,PA_0028,SEC_RELIANCE,491790,287
PA_0029-HINDALCO,PA_0029,SEC_HINDALCO,2322921,479
PA_0029-APOLLOHOSP,PA_0029,SEC_APOLLOHOSP,2322921,466
PA_0029-HINDALCO,PA_0029,SEC_HINDALCO,2322921,294
PA_0030-NTPC,PA_0030,SEC_NTPC,1058382,19
PA_0030-HDFCLIFE,PA_0030,SEC_HDFCLIFE,1058382,295
PA_0030-SHRIRAMFIN,PA_0030,SEC_SHRIRAMFIN,1058382,39
PA_0030-APOLLOHOSP,PA_0030,SEC_APOLLOHOSP,1058382,389
PA_0030-NTPC,PA_0030,SEC_NTPC,1058382,10
PA_0031-LT,PA_0031,SEC_LT,186963,244
PA_0031-M&M,PA_0031,SEC_M&M,186963,234
PA_0031-ADANIPORTS,PA_0031,SEC_ADANIPORTS,186963,71
PA_0031-BAJAJ-AUTO,PA_0031,SEC_BAJAJ-AUTO,186963,35
PA_0031-TATASTEEL,PA_0031,SEC_TATASTEEL,186963,446
PA_0031-COALINDIA,PA_0031,SEC_COALINDIA,186963,415
PA_0032-ADANIENT,PA_0032,SEC_ADANIENT,756792,165
PA_0032-HINDUNILVR,PA_0032,SEC_HINDUNILVR,756792,488
PA_0032-INFY,PA_0032,SEC_INFY,756792,280
PA_0032-TATASTEEL,PA_0032,SEC_TATASTEEL,756792,276
PA_0033-JSWSTEEL,PA_0033,SEC_JSWSTEEL,916717,425
PA_0033-NESTLEIND,PA_0033,SEC_NESTLEIND,916717,383
PA_0033-TATACONSUM,PA_0033,SEC_TATACONSUM,916717,145
PA_0033-WIPRO,PA_0033,SEC_WIPRO,916717,79
PA_0034-SUNPHARMA,PA_0034,SEC_SUNPHARMA,1141869,492
PA_0034-HEROMOTOCO,PA_0034,SEC_HEROMOTOCO,1141869,94
PA_0034-NESTLEIND,PA_0034,SEC_NESTLEIND,1141869,340
PA_0034-INFY,PA_0034,SEC_INFY,1141869,194
PA_0034-DRREDDY,PA_0034,SEC_DRREDDY,1141869,64
PA_0035-ONGC,PA_0035,SEC_ONGC,834974,476
PA_0035-ASIANPAINT,PA_0035,SEC_ASIANPAINT,834974,278
PA_0035-BRITANNIA,PA_0035,SEC_BRITANNIA,834974,146
PA_0035-M&M,PA_0035,SEC_M&M,834974,354
PA_0035-COALINDIA,PA_0035,SEC_COALINDIA,834974,137
PA_0036-TCS,PA_0036,SEC_TCS,1871241,279
PA_0036-HDFCLIFE,PA_0036,SEC_HDFCLIFE,1871241,189
PA_0036-DIVISLAB,PA_0036,SEC_DIVISLAB,1871241,328
PA_0036-M&M,PA_0036,SEC_M&M,1871241,398
PA_0037-POWERGRID,PA_0037,SEC_POWERGRID,1311549,196
PA_0037-BAJAJ-AUTO,PA_0037,SEC_BAJAJ-AUTO,1311549,459
PA_0037-SUNPHARMA,PA_0037,SEC_SUNPHARMA,1311549,224
PA_0037-ADANIENT,PA_0037,SEC_ADANIENT,1311549,218
PA_0038-BAJAJ-AUTO,PA_0038,SEC_BAJAJ-AUTO,2232067,407
PA_0038-INDUSINDBK,PA_0038,SEC_INDUSINDBK,2232067,128
PA_0038-ADANIENT,PA_0038,SEC_ADANIENT,2232067,296
PA_0039-NESTLEIND,PA_0039,SEC_NESTLEIND,3720413,72
PA_0039-ITC,PA_0039,SEC_ITC,3720413,347
PA_0039-TECHM,PA_0039,SEC_TECHM,3720413,410
PA_0039-DIVISLAB,PA_0039,SEC_DIVISLAB,3720413,209
PA_0040-INFY,PA_0040,SEC_INFY,836117,151
PA_0040-DRREDDY,PA_0040,SEC_DRREDDY,836117,32
PA_0040-CIPLA,PA_0040,SEC_CIPLA,836117,73
PA_0040-NTPC,PA_0040,SEC_NTPC,836117,264
PA_0040-MARUTI,PA_0040,SEC_MARUTI,836117,96
PA_0040-SHRIRAMFIN,PA_0040,SEC_SHRIRAMFIN,836117,102
PA_0041-INFY,PA_0041,SEC_INFY,219922,332
PA_0041-BPCL,PA_0041,SEC_BPCL,219922,156
PA_0041-JSWSTEEL,PA_0041,SEC_JSWSTEEL,219922,446
PA_0041-ASIANPAINT,PA_0041,SEC_ASIANPAINT,219922,310
PA_0041-ITC,PA_0041,SEC_ITC,219922,398
PA_0041-ASIANPAINT,PA_0041,SEC_ASIANPAINT,219922,370
PA_0042-SBILIFE,PA_0042,SEC_SBILIFE,1575625,46
PA_0042-MARUTI,PA_0042,SEC_MARUTI,1575625,61
PA_0042-TATASTEEL,PA_0042,SEC_TATASTEEL,1575625,487
PA_0042-HCLTECH,PA_0042,SEC_HCLTECH,1575625,69
PA_0042-DRREDDY,PA_0042,SEC_DRREDDY,1575625,65
PA_0043-HINDUNILVR,PA_0043,SEC_HINDUNILVR,782159,364
PA_0043-TITAN,PA_0043,SEC_TITAN,782159,399
PA_0043-ULTRACEMCO,PA_0043,SEC_ULTRACEMCO,782159,87
PA_0043-ASIANPAINT,PA_0043,SEC_ASIANPAINT,782159,277
PA_0043-BPCL,PA_0043,SEC_BPCL,782159,341
PA_0044-SUNPHARMA,PA_0044,SEC_SUNPHARMA,1749689,93
PA_0044-MARUTI,PA_0044,SEC_MARUTI,1749689,220
PA_0044-NESTLEIND,PA_0044,SEC_NESTLEIND,1749689,254
PA_0044-TATACONSUM,PA_0044,SEC_TATACONSUM,1749689,126
PA_0045-WIPRO,PA_0045,SEC_WIPRO,1551837,298
PA_0045-COALINDIA,PA_0045,SEC_COALINDIA,1551837,380
PA_0045-NESTLEIND,PA_0045,SEC_NESTLEIND,1551837,123
PA_0045-NTPC,PA_0045,SEC_NTPC,1551837,197
PA_0045-HCLTECH,PA_0045,SEC_HCLTECH,1551837,47
PA_0046-EICHERMOT,PA_0046,SEC_EICHERMOT,7018402,356
PA_0046-M&M,PA_0046,SEC_M&M,7018402,326
PA_0046-TCS,PA_0046,SEC_TCS,7018402,420
PA_0047-INFY,PA_0047,SEC_INFY,306613,256
PA_0047-WIPRO,PA_0047,SEC_WIPRO,306613,103
PA_0047-HCLTECH,PA_0047,SEC_HCLTECH,306613,184
PA_0047-ONGC,PA_0047,SEC_ONGC,306613,16
PA_0047-POWERGRID,PA_0047,SEC_POWERGRID,306613,449
PA_0048-BRITANNIA,PA_0048,SEC_BRITANNIA,2481084,123
PA_0048-DIVISLAB,PA_0048,SEC_DIVISLAB,2481084,139
PA_0048-SUNPHARMA,PA_0048,SEC_SUNPHARMA,2481084,102
PA_0049-ULTRACEMCO,PA_0049,SEC_ULTRACEMCO,864042,481
PA_0049-NTPC,PA_0049,SEC_NTPC,864042,147
PA_0049-TITAN,PA_0049,SEC_TITAN,864042,169
PA_0049-EICHERMOT,PA_0049,SEC_EICHERMOT,864042,13
PA_0050-ADANIENT,PA_0050,SEC_ADANIENT,943774,140
PA_0050-ASIANPAINT,PA_0050,SEC_ASIANPAINT,943774,356
PA_0050-ITC,PA_0050,SEC_ITC,943774,223
PA_0051-ADANIPORTS,PA_0051,SEC_ADANIPORTS,2005870,302
PA_0051-DRREDDY,PA_0051,SEC_DRREDDY,2005870,380
PA_0051-HCLTECH,PA_0051,SEC_HCLTECH,2005870,443
PA_0051-NTPC,PA_0051,SEC_NTPC,2005870,316
PA_0052-BHARTIARTL,PA_0052,SEC_BHARTIARTL,774103,354
PA_0052-TITAN,PA_0052,SEC_TITAN,774103,140
PA_0052-BHARTIARTL,PA_0052,SEC_BHARTIARTL,774103,437
PA_0052-BPCL,PA_0052,SEC_BPCL,774103,34
PA_0053-TATACONSUM,PA_0053,SEC_TATACONSUM,296520,163
PA_0053-TCS,PA_0053,SEC_TCS,296520,263
PA_0053-TATAMOTORS,PA_0053,SEC_TATAMOTORS,296520,270
PA_0053-NESTLEIND,PA_0053,SEC_NESTLEIND,296520,52
PA_0053-ONGC,PA_0053,SEC_ONGC,296520,106
PA_0054-COALINDIA,PA_0054,SEC_COALINDIA,1273850,234
PA_0054-SBILIFE,PA_0054,SEC_SBILIFE,1273850,453
PA_0054-HINDUNILVR,PA_0054,SEC_HINDUNILVR,1273850,202
PA_0054-BRITANNIA,PA_0054,SEC_BRITANNIA,1273850,367
PA_0054-TCS,PA_0054,SEC_TCS,1273850,229
PA_0054-BRITANNIA,PA_0054,SEC_BRITANNIA,1273850,276
PA_0055-INFY,PA_0055,SEC_INFY,5579356,368
PA_0055-POWERGRID,PA_0055,SEC_POWERGRID,5579356,430
PA_0055-TATACONSUM,PA_0055,SEC_TATACONSUM,5579356,62
PA_0056-NTPC,PA_0056,SEC_NTPC,504487,368
PA_0056-NTPC,PA_0056,SEC_NTPC,504487,352
PA_0056-DIVISLAB,PA_0056,SEC_DIVISLAB,504487,231
PA_0056-RELIANCE,PA_0056,SEC_RELIANCE,504487,299
PA_0056-ADANIPORTS,PA_0056,SEC_ADANIPORTS,504487,150
PA_0056-SHRIRAMFIN,PA_0056,SEC_SHRIRAMFIN,504487,81
PA_0057-LT,PA_0057,SEC_LT,1582325,257
PA_0057-JSWSTEEL,PA_0057,SEC_JSWSTEEL,1582325,108
PA_0057-INDUSINDBK,PA_0057,SEC_INDUSINDBK,1582325,239
PA_0057-TITAN,PA_0057,SEC_TITAN,1582325,47
PA_0057-RELIANCE,PA_0057,SEC_RELIANCE,1582325,54
PA_0058-DRREDDY,PA_0058,SEC_DRREDDY,5031909,433
PA_0058-WIPRO,PA_0058,SEC_WIPRO,5031909,349
PA_0058-SHRIRAMFIN,PA_0058,SEC_SHRIRAMFIN,5031909,156
PA_0059-ULTRACEMCO,PA_0059,SEC_ULTRACEMCO,2422739,180
PA_0059-HINDALCO,PA_0059,SEC_HINDALCO,2422739,152
PA_0059-SHRIRAMFIN,PA_0059,SEC_SHRIRAMFIN,2422739,277
PA_0059-HDFCLIFE,PA_0059,SEC_HDFCLIFE,2422739,60
PA_0060-TATAMOTORS,PA_0060,SEC_TATAMOTORS,1226067,49
PA_0060-TATAMOTORS,PA_0060,SEC_TATAMOTORS,1226067,16
PA_0060-ASIANPAINT,PA_0060,SEC_ASIANPAINT,1226067,445
PA_0060-TCS,PA_0060,SEC_TCS,1226067,284
PA_0061-ADANIENT,PA_0061,SEC_ADANIENT,966413,97
PA_0061-LT,PA_0061,SEC_LT,966413,196
PA_0061-BAJAJ-AUTO,PA_0061,SEC_BAJAJ-AUTO,966413,82
PA_0061-POWERGRID,PA_0061,SEC_POWERGRID,966413,104
PA_0062-UPL,PA_0062,SEC_UPL,1088089,201
PA_0062-NIFTYBEES,PA_0062,SEC_NIFTYBEES,1088089,461
PA_0062-UPL,PA_0062,SEC_UPL,1088089,39
PA_0063-ULTRACEMCO,PA_0063,SEC_ULTRACEMCO,771276,421
PA_0063-ADANIPORTS,PA_0063,SEC_ADANIPORTS,771276,118
PA_0063-ADANIENT,PA_0063,SEC_ADANIENT,771276,449
PA_0063-TCS,PA_0063,SEC_TCS,771276,251
PA_0064-GRASIM,PA_0064,SEC_GRASIM,821356,79
PA_0064-M&M,PA_0064,SEC_M&M,821356,49
PA_0064-HDFCLIFE,PA_0064,SEC_HDFCLIFE,821356,452
PA_0064-RELIANCE,PA_0064,SEC_RELIANCE,821356,447
PA_0065-SBILIFE,PA_0065,SEC_SBILIFE,4369589,301
PA_0065-CIPLA,PA_0065,SEC_CIPLA,4369589,75
PA_0065-TATACONSUM,PA_0065,SEC_TATACONSUM,4369589,391
PA_0065-NTPC,PA_0065,SEC_NTPC,4369589,360
PA_0065-ITC,PA_0065,SEC_ITC,4369589,392
PA_0065-ULTRACEMCO,PA_0065,SEC_ULTRACEMCO,4369589,421
PA_0066-ADANIPORTS,PA_0066,SEC_ADANIPORTS,1696191,369
PA_0066-RELIANCE,PA_0066,SEC_RELIANCE,1696191,55
PA_0066-NTPC,PA_0066,SEC_NTPC,1696191,457
PA_0066-EICHERMOT,PA_0066,SEC_EICHERMOT,1696191,276
PA_0067-TATAMOTORS,PA_0067,SEC_TATAMOTORS,7551562,150
PA_0067-ADANIENT,PA_0067,SEC_ADANIENT,7551562,92
PA_0067-JSWSTEEL,PA_0067,SEC_JSWSTEEL,7551562,378
PA_0068-MARUTI,PA_0068,SEC_MARUTI,847821,14
PA_0068-SHRIRAMFIN,PA_0068,SEC_SHRIRAMFIN,847821,359
PA_0068-CIPLA,PA_0068,SEC_CIPLA,847821,294
PA_0068-BAJAJ-AUTO,PA_0068,SEC_BAJAJ-AUTO,847821,493
PA_0068-EICHERMOT,PA_0068,SEC_EICHERMOT,847821,414
PA_0068-POWERGRID,PA_0068,SEC_POWERGRID,847821,122
PA_0069-WIPRO,PA_0069,SEC_WIPRO,1477553,448
PA_0069-GRASIM,PA_0069,SEC_GRASIM,1477553,27
PA_0069-RELIANCE,PA_0069,SEC_RELIANCE,1477553,158
PA_0069-MARUTI,PA_0069,SEC_MARUTI,1477553,482
PA_0069-TATACONSUM,PA_0069,SEC_TATACONSUM,1477553,261
PA_0070-POWERGRID,PA_0070,SEC_POWERGRID,3749478,284
PA_0070-HINDALCO,PA_0070,SEC_HINDALCO,3749478,168
PA_0070-DRREDDY,PA_0070,SEC_DRREDDY,3749478,280
PA_0070-CIPLA,PA_0070,SEC_CIPLA,3749478,91
PA_0071-NESTLEIND,PA_0071,SEC_NESTLEIND,478751,234
PA_0071-ITC,PA_0071,SEC_ITC,478751,431
PA_0071-ADANIPORTS,PA_0071,SEC_ADANIPORTS,478751,435
PA_0071-APOLLOHOSP,PA_0071,SEC_APOLLOHOSP,478751,15
PA_0071-BAJAJ-AUTO,PA_0071,SEC_BAJAJ-AUTO,478751,363
PA_0071-M&M,PA_0071,SEC_M&M,478751,493
PA_0072-ADANIPORTS,PA_0072,SEC_ADANIPORTS,1722407,286
PA_0072-HEROMOTOCO,PA_0072,SEC_HEROMOTOCO,1722407,92
PA_0072-MARUTI,PA_0072,SEC_MARUTI,1722407,46
PA_0072-M&M,PA_0072,SEC_M&M,1722407,136
PA_0072-M&M,PA_0072,SEC_M&M,1722407,370
PA_0072-TATASTEEL,PA_0072,SEC_TATASTEEL,1722407,164
PA_0073-ULTRACEMCO,PA_0073,SEC_ULTRACEMCO,932331,313
PA_0073-POWERGRID,PA_0073,SEC_POWERGRID,932331,169
PA_0073-MARUTI,PA_0073,SEC_MARUTI,932331,78
PA_0073-LIQUIDBEES,PA_0073,SEC_LIQUIDBEES,932331,342
PA_0073-BRITANNIA,PA_0073,SEC_BRITANNIA,932331,255
PA_0074-SHRIRAMFIN,PA_0074,SEC_SHRIRAMFIN,959913,113
PA_0074-HEROMOTOCO,PA_0074,SEC_HEROMOTOCO,959913,377
PA_0074-TATAMOTORS,PA_0074,SEC_TATAMOTORS,959913,289
PA_0074-BPCL,PA_0074,SEC_BPCL,959913,56
PA_0074-ULTRACEMCO,PA_0074,SEC_ULTRACEMCO,959913,332
PA_0074-BHARTIARTL,PA_0074,SEC_BHARTIARTL,959913,30
PA_0075-DRREDDY,PA_0075,SEC_DRREDDY,3925670,91
PA_0075-ADANIPORTS,PA_0075,SEC_ADANIPORTS,3925670,311
PA_0075-DIVISLAB,PA_0075,SEC_DIVISLAB,3925670,260
PA_0075-COALINDIA,PA_0075,SEC_COALINDIA,3925670,18
PA_0075-JSWSTEEL,PA_0075,SEC_JSWSTEEL,3925670,454
PA_0075-DIVISLAB,PA_0075,SEC_DIVISLAB,3925670,290
PA_0076-TECHM,PA_0076,SEC_TECHM,687103,251
PA_0076-DIVISLAB,PA_0076,SEC_DIVISLAB,687103,294
PA_0076-GRASIM,PA_0076,SEC_GRASIM,687103,382
PA_0076-ADANIENT,PA_0076,SEC_ADANIENT,687103,229
PA_0076-TATACONSUM,PA_0076,SEC_TATACONSUM,687103,165
PA_0077-ONGC,PA_0077,SEC_ONGC,1098064,154
PA_0077-SUNPHARMA,PA_0077,SEC_SUNPHARMA,1098064,121
PA_0077-SUNPHARMA,PA_0077,SEC_SUNPHARMA,1098064,76
PA_0077-RELIANCE,PA_0077,SEC_RELIANCE,1098064,194
PA_0077-DIVISLAB,PA_0077,SEC_DIVISLAB,1098064,68
PA_0077-BAJAJ-AUTO,PA_0077,SEC_BAJAJ-AUTO,1098064,187
PA_0078-DRREDDY,PA_0078,SEC_DRREDDY,1471817,315
PA_0078-ASIANPAINT,PA_0078,SEC_ASIANPAINT,1471817,380
PA_0078-RELIANCE,PA_0078,SEC_RELIANCE,1471817,221
PA_0078-BHARTIARTL,PA_0078,SEC_BHARTIARTL,1471817,136
PA_0078-ASIANPAINT,PA_0078,SEC_ASIANPAINT,1471817,75
PA_0079-HEROMOTOCO,PA_0079,SEC_HEROMOTOCO,586597,347
PA_0079-POWERGRID,PA_0079,SEC_POWERGRID,586597,404
PA_0079-JSWSTEEL,PA_0079,SEC_JSWSTEEL,586597,94
PA_0079-JSWSTEEL,PA_0079,SEC_JSWSTEEL,586597,389
PA_0079-BPCL,PA_0079,SEC_BPCL,586597,336
PA_0080-TITAN,PA_0080,SEC_TITAN,734118,485
PA_0080-TCS,PA_0080,SEC_TCS,734118,208
PA_0080-EICHERMOT,PA_0080,SEC_EICHERMOT,734118,365
PA_0080-TECHM,PA_0080,SEC_TECHM,734118,303
PA_0080-TITAN,PA_0080,SEC_TITAN,734118,423
PA_0080-NESTLEIND,PA_0080,SEC_NESTLEIND,734118,490
PA_0081-NIFTYBEES,PA_0081,SEC_NIFTYBEES,319280,460
PA_0081-WIPRO,PA_0081,SEC_WIPRO,319280,200
PA_0081-ADANIENT,PA_0081,SEC_ADANIENT,319280,448
PA_0081-TECHM,PA_0081,SEC_TECHM,319280,435
PA_0081-M&M,PA_0081,SEC_M&M,319280,489
PA_0081-DIVISLAB,PA_0081,SEC_DIVISLAB,319280,26
PA_0082-POWERGRID,PA_0082,SEC_POWERGRID,842434,308
PA_0082-TATAMOTORS,PA_0082,SEC_TATAMOTORS,842434,187
PA_0082-POWERGRID,PA_0082,SEC_POWERGRID,842434,58
PA_0082-BHARTIARTL,PA_0082,SEC_BHARTIARTL,842434,31
PA_0083-HINDUNILVR,PA_0083,SEC_HINDUNILVR,1146259,107
PA_0083-SUNPHARMA,PA_0083,SEC_SUNPHARMA,1146259,152
PA_0083-TATASTEEL,PA_0083,SEC_TATASTEEL,1146259,321
PA_0083-CIPLA,PA_0083,SEC_CIPLA,1146259,16
PA_0083-HINDUNILVR,PA_0083,SEC_HINDUNILVR,1146259,432
PA_0083-GRASIM,PA_0083,SEC_GRASIM,1146259,209
PA_0084-LIQUIDBEES,PA_0084,SEC_LIQUIDBEES,2941848,57
PA_0084-LIQUIDBEES,PA_0084,SEC_LIQUIDBEES,2941848,357
PA_0084-TATASTEEL,PA_0084,SEC_TATASTEEL,2941848,205
PA_0084-NTPC,PA_0084,SEC_NTPC,2941848,127
PA_0084-TITAN,PA_0084,SEC_TITAN,2941848,415
PA_0085-ONGC,PA_0085,SEC_ONGC,1520523,432
PA_0085-TECHM,PA_0085,SEC_TECHM,1520523,258
PA_0085-COALINDIA,PA_0085,SEC_COALINDIA,1520523,12
PA_0085-UPL,PA_0085,SEC_UPL,1520523,320
PA_0086-RELIANCE,PA_0086,SEC_RELIANCE,1324674,143
PA_0086-BAJAJ-AUTO,PA_0086,SEC_BAJAJ-AUTO,1324674,448
PA_0086-SUNPHARMA,PA_0086,SEC_SUNPHARMA,1324674,402
PA_0086-COALINDIA,PA_0086,SEC_COALINDIA,1324674,392
PA_0086-CIPLA,PA_0086,SEC_CIPLA,1324674,225
PA_0086-BHARTIARTL,PA_0086,SEC_BHARTIARTL,1324674,252
PA_0087-ONGC,PA_0087,SEC_ONGC,471283,442
PA_0087-BRITANNIA,PA_0087,SEC_BRITANNIA,471283,161
PA_0087-GRASIM,PA_0087,SEC_GRASIM,471283,328
PA_0087-CIPLA,PA_0087,SEC_CIPLA,471283,20
PA_0087-ULTRACEMCO,PA_0087,SEC_ULTRACEMCO,471283,432
PA_0087-TATAMOTORS,PA_0087,SEC_TATAMOTORS,471283,417
PA_0088-SUNPHARMA,PA_0088,SEC_SUNPHARMA,466627,375
PA_0088-APOLLOHOSP,PA_0088,SEC_APOLLOHOSP,466627,77
PA_0088-BRITANNIA,PA_0088,SEC_BRITANNIA,466627,81
PA_0088-UPL,PA_0088,SEC_UPL,466627,182
PA_0089-JSWSTEEL,PA_0089,SEC_JSWSTEEL,4168322,222
PA_0089-NESTLEIND,PA_0089,SEC_NESTLEIND,4168322,354
PA_0089-MARUTI,PA_0089,SEC_MARUTI,4168322,206
PA_0089-INDUSINDBK,PA_0089,SEC_INDUSINDBK,4168322,96
PA_0090-POWERGRID,PA_0090,SEC_POWERGRID,743391,322
PA_0090-LIQUIDBEES,PA_0090,SEC_LIQUIDBEES,743391,130
PA_0090-HINDALCO,PA_0090,SEC_HINDALCO,743391,188
PA_0090-HINDUNILVR,PA_0090,SEC_HINDUNILVR,743391,296
PA_0090-COALINDIA,PA_0090,SEC_COALINDIA,743391,355
PA_0091-RELIANCE,PA_0091,SEC_RELIANCE,5650581,469
PA_0091-TATASTEEL,PA_0091,SEC_TATASTEEL,5650581,166
PA_0091-SHRIRAMFIN,PA_0091,SEC_SHRIRAMFIN,5650581,213
PA_0092-GRASIM,PA_0092,SEC_GRASIM,3327518,179
PA_0092-LT,PA_0092,SEC_LT,3327518,462
PA_0092-SBILIFE,PA_0092,SEC_SBILIFE,3327518,292
PA_0092-POWERGRID,PA_0092,SEC_POWERGRID,3327518,237
PA_0092-TITAN,PA_0092,SEC_TITAN,3327518,374
PA_0092-TATAMOTORS,PA_0092,SEC_TATAMOTORS,3327518,88
PA_0093-TCS,PA_0093,SEC_TCS,1546493,124
PA_0093-BAJAJ-AUTO,PA_0093,SEC_BAJAJ-AUTO,1546493,11
PA_0093-HEROMOTOCO,PA_0093,SEC_HEROMOTOCO,1546493,94
PA_0093-ONGC,PA_0093,SEC_ONGC,1546493,378
PA_0094-POWERGRID,PA_0094,SEC_POWERGRID,378904,450
PA_0094-HEROMOTOCO,PA_0094,SEC_HEROMOTOCO,378904,476
PA_0094-HINDUNILVR,PA_0094,SEC_HINDUNILVR,378904,414
PA_0094-TATASTEEL,PA_0094,SEC_TATASTEEL,378904,413
PA_0095-WIPRO,PA_0095,SEC_WIPRO,4259811,125
PA_0095-TATASTEEL,PA_0095,SEC_TATASTEEL,4259811,222
PA_0095-LT,PA_0095,SEC_LT,4259811,135
PA_0096-CIPLA,PA_0096,SEC_CIPLA,1287420,457
PA_0096-COALINDIA,PA_0096,SEC_COALINDIA,1287420,129
PA_0096-BPCL,PA_0096,SEC_BPCL,1287420,373
PA_0096-NESTLEIND,PA_0096,SEC_NESTLEIND,1287420,399
PA_0096-HEROMOTOCO,PA_0096,SEC_HEROMOTOCO,1287420,141
PA_0097-NTPC,PA_0097,SEC_NTPC,1336155,328
PA_0097-HDFCLIFE,PA_0097,SEC_HDFCLIFE,1336155,20
PA_0097-TATAMOTORS,PA_0097,SEC_TATAMOTORS,1336155,234
PA_0098-CIPLA,PA_0098,SEC_CIPLA,2841153,373
PA_0098-LIQUIDBEES,PA_0098,SEC_LIQUIDBEES,2841153,192
PA_0098-ADANIENT,PA_0098,SEC_ADANIENT,2841153,48
PA_0098-TECHM,PA_0098,SEC_TECHM,2841153,103
PA_0099-NESTLEIND,PA_0099,SEC_NESTLEIND,2476051,150
PA_0099-UPL,PA_0099,SEC_UPL,2476051,197
PA_0099-TECHM,PA_0099,SEC_TECHM,2476051,43
PA_0100-COALINDIA,PA_0100,SEC_COALINDIA,1610934,249
PA_0100-COALINDIA,PA_0100,SEC_COALINDIA,1610934,44
PA_0100-HEROMOTOCO,PA_0100,SEC_HEROMOTOCO,1610934,163
PA_0101-BHARTIARTL,PA_0101,SEC_BHARTIARTL,1370759,473
PA_0101-INFY,PA_0101,SEC_INFY,1370759,196
PA_0101-SHRIRAMFIN,PA_0101,SEC_SHRIRAMFIN,1370759,479
PA_0102-HCLTECH,PA_0102,SEC_HCLTECH,1010394,312
PA_0102-TITAN,PA_0102,SEC_TITAN,1010394,500
PA_0102-NIFTYBEES,PA_0102,SEC_NIFTYBEES,1010394,321
PA_0102-SBILIFE,PA_0102,SEC_SBILIFE,1010394,259
PA_0102-M&M,PA_0102,SEC_M&M,1010394,456
PA_0102-BAJAJ-AUTO,PA_0102,SEC_BAJAJ-AUTO,1010394,285
PA_0103-NESTLEIND,PA_0103,SEC_NESTLEIND,685679,439
PA_0103-HCLTECH,PA_0103,SEC_HCLTECH,685679,495
PA_0103-HCLTECH,PA_0103,SEC_HCLTECH,685679,479
PA_0103-HINDALCO,PA_0103,SEC_HINDALCO,685679,170
PA_0103-ASIANPAINT,PA_0103,SEC_ASIANPAINT,685679,68
PA_0104-LT,PA_0104,SEC_LT,978832,30
PA_0104-EICHERMOT,PA_0104,SEC_EICHERMOT,978832,443
PA_0104-ITC,PA_0104,SEC_ITC,978832,434
PA_0104-TATACONSUM,PA_0104,SEC_TATACONSUM,978832,95
PA_0104-HCLTECH,PA_0104,SEC_HCLTECH,978832,271
PA_0104-HCLTECH,PA_0104,SEC_HCLTECH,978832,372
PA_0105-INFY,PA_0105,SEC_INFY,310270,245
PA_0105-TATASTEEL,PA_0105,SEC_TATASTEEL,310270,231
PA_0105-SHRIRAMFIN,PA_0105,SEC_SHRIRAMFIN,310270,232
PA_0105-BRITANNIA,PA_0105,SEC_BRITANNIA,310270,426
PA_0105-TCS,PA_0105,SEC_TCS,310270,307
PA_0105-ASIANPAINT,PA_0105,SEC_ASIANPAINT,310270,468
PA_0106-APOLLOHOSP,PA_0106,SEC_APOLLOHOSP,1015552,35
PA_0106-TATAMOTORS,PA_0106,SEC_TATAMOTORS,1015552,155
PA_0106-BAJAJ-AUTO,PA_0106,SEC_BAJAJ-AUTO,1015552,361
PA_0106-DRREDDY,PA_0106,SEC_DRREDDY,1015552,497
PA_0106-BHARTIARTL,PA_0106,SEC_BHARTIARTL,1015552,480
PA_0107-CIPLA,PA_0107,SEC_CIPLA,1571158,199
PA_0107-RELIANCE,PA_0107,SEC_RELIANCE,1571158,437
PA_0107-ITC,PA_0107,SEC_ITC,1571158,340
PA_0107-ONGC,PA_0107,SEC_ONGC,1571158,69
PA_0108-HCLTECH,PA_0108,SEC_HCLTECH,677072,408
PA_0108-MARUTI,PA_0108,SEC_MARUTI,677072,89
PA_0108-NESTLEIND,PA_0108,SEC_NESTLEIND,677072,120
PA_0108-M&M,PA_0108,SEC_M&M,677072,162
PA_0108-BRITANNIA,PA_0108,SEC_BRITANNIA,677072,357
PA_0108-BRITANNIA,PA_0108,SEC_BRITANNIA,677072,26
PA_0109-HEROMOTOCO,PA_0109,SEC_HEROMOTOCO,1198611,370
PA_0109-LIQUIDBEES,PA_0109,SEC_LIQUIDBEES,1198611,355
PA_0109-EICHERMOT,PA_0109,SEC_EICHERMOT,1198611,390
PA_0109-MARUTI,PA_0109,SEC_MARUTI,1198611,351
PA_0109-TCS,PA_0109,SEC_TCS,1198611,377
PA_0109-HCLTECH,PA_0109,SEC_HCLTECH,1198611,204
PA_0110-CIPLA,PA_0110,SEC_CIPLA,1242926,488
PA_0110-COALINDIA,PA_0110,SEC_COALINDIA,1242926,153
PA_0110-WIPRO,PA_0110,SEC_WIPRO,1242926,180
PA_0110-INDUSINDBK,PA_0110,SEC_INDUSINDBK,1242926,312
PA_0111-TECHM,PA_0111,SEC_TECHM,1485300,365
PA_0111-ONGC,PA_0111,SEC_ONGC,1485300,91
PA_0111-BHARTIARTL,PA_0111,SEC_BHARTIARTL,1485300,427
PA_0111-RELIANCE,PA_0111,SEC_RELIANCE,1485300,94
PA_0111-POWERGRID,PA_0111,SEC_POWERGRID,1485300,117
PA_0111-TECHM,PA_0111,SEC_TECHM,1485300,145
PA_0112-ONGC,PA_0112,SEC_ONGC,1164972,137
PA_0112-HINDALCO,PA_0112,SEC_HINDALCO,1164972,439
PA_0112-BHARTIARTL,PA_0112,SEC_BHARTIARTL,1164972,47
PA_0112-ULTRACEMCO,PA_0112,SEC_ULTRACEMCO,1164972,119
PA_0112-EICHERMOT,PA_0112,SEC_EICHERMOT,1164972,117
PA_0112-TECHM,PA_0112,SEC_TECHM,1164972,286
PA_0113-ADANIENT,PA_0113,SEC_ADANIENT,5986788,128
PA_0113-HDFCLIFE,PA_0113,SEC_HDFCLIFE,5986788,242
PA_0113-LT,PA_0113,SEC_LT,5986788,264
PA_0113-HDFCLIFE,PA_0113,SEC_HDFCLIFE,5986788,262
PA_0114-TATASTEEL,PA_0114,SEC_TATASTEEL,909797,388
PA_0114-ITC,PA_0114,SEC_ITC,909797,458
PA_0114-TATACONSUM,PA_0114,SEC_TATACONSUM,909797,405
PA_0114-TECHM,PA_0114,SEC_TECHM,909797,447
PA_0114-ADANIENT,PA_0114,SEC_ADANIENT,909797,40
PA_0115-WIPRO,PA_0115,SEC_WIPRO,675754,149
PA_0115-DIVISLAB,PA_0115,SEC_DIVISLAB,675754,289
PA_0115-ADANIPORTS,PA_0115,SEC_ADANIPORTS,675754,101
PA_0115-ADANIENT,PA_0115,SEC_ADANIENT,675754,375
PA_0115-SHRIRAMFIN,PA_0115,SEC_SHRIRAMFIN,675754,162
PA_0115-TATASTEEL,PA_0115,SEC_TATASTEEL,675754,26
PA_0116-BHARTIARTL,PA_0116,SEC_BHARTIARTL,1544101,306
PA_0116-RELIANCE,PA_0116,SEC_RELIANCE,1544101,271
PA_0116-NIFTYBEES,PA_0116,SEC_NIFTYBEES,1544101,427
PA_0116-HCLTECH,PA_0116,SEC_HCLTECH,1544101,157
PA_0117-SHRIRAMFIN,PA_0117,SEC_SHRIRAMFIN,1083258,331
PA_0117-NESTLEIND,PA_0117,SEC_NESTLEIND,1083258,250
PA_0117-POWERGRID,PA_0117,SEC_POWERGRID,1083258,414
PA_0117-INFY,PA_0117,SEC_INFY,1083258,229
PA_0117-MARUTI,PA_0117,SEC_MARUTI,1083258,419
PA_0117-TITAN,PA_0117,SEC_TITAN,1083258,367
PA_0118-ULTRACEMCO,PA_0118,SEC_ULTRACEMCO,636206,95
PA_0118-SBILIFE,PA_0118,SEC_SBILIFE,636206,391
PA_0118-ADANIPORTS,PA_0118,SEC_ADANIPORTS,636206,296
PA_0118-BAJAJ-AUTO,PA_0118,SEC_BAJAJ-AUTO,636206,470
PA_0118-SUNPHARMA,PA_0118,SEC_SUNPHARMA,636206,113
PA_0119-MARUTI,PA_0119,SEC_MARUTI,343336,467
PA_0119-RELIANCE,PA_0119,SEC_RELIANCE,343336,499
PA_0119-TATASTEEL,PA_0119,SEC_TATASTEEL,343336,498
PA_0119-ADANIPORTS,PA_0119,SEC_ADANIPORTS,343336,326
PA_0119-BPCL,PA_0119,SEC_BPCL,343336,99
PA_0119-HINDALCO,PA_0119,SEC_HINDALCO,343336,50
PA_0120-CIPLA,PA_0120,SEC_CIPLA,3587940,63
PA_0120-BPCL,PA_0120,SEC_BPCL,3587940,88
PA_0120-ADANIENT,PA_0120,SEC_ADANIENT,3587940,177
PA_0121-ULTRACEMCO,PA_0121,SEC_ULTRACEMCO,385050,46
PA_0121-HINDALCO,PA_0121,SEC_HINDALCO,385050,345
PA_0121-HCLTECH,PA_0121,SEC_HCLTECH,385050,208
PA_0121-HDFCLIFE,PA_0121,SEC_HDFCLIFE,385050,173
PA_0121-HINDUNILVR,PA_0121,SEC_HINDUNILVR,385050,383
PA_0122-ADANIENT,PA_0122,SEC_ADANIENT,2020967,170
PA_0122-ASIANPAINT,PA_0122,SEC_ASIANPAINT,2020967,188
PA_0122-TCS,PA_0122,SEC_TCS,2020967,10
PA_0122-ADANIPORTS,PA_0122,SEC_ADANIPORTS,2020967,103
PA_0122-APOLLOHOSP,PA_0122,SEC_APOLLOHOSP,2020967,230
PA_0122-SHRIRAMFIN,PA_0122,SEC_SHRIRAMFIN,2020967,403
PA_0123-POWERGRID,PA_0123,SEC_POWERGRID,374437,416
PA_0123-EICHERMOT,PA_0123,SEC_EICHERMOT,374437,116
PA_0123-BAJAJ-AUTO,PA_0123,SEC_BAJAJ-AUTO,374437,55
PA_0123-HEROMOTOCO,PA_0123,SEC_HEROMOTOCO,374437,60
PA_0123-SHRIRAMFIN,PA_0123,SEC_SHRIRAMFIN,374437,146
PA_0123-CIPLA,PA_0123,SEC_CIPLA,374437,181
PA_0124-HINDALCO,PA_0124,SEC_HINDALCO,1810811,219
PA_0124-BPCL,PA_0124,SEC_BPCL,1810811,397
PA_0124-TATASTEEL,PA_0124,SEC_TATASTEEL,1810811,130
PA_0124-WIPRO,PA_0124,SEC_WIPRO,1810811,401
PA_0125-ASIANPAINT,PA_0125,SEC_ASIANPAINT,1175682,176
PA_0125-ADANIENT,PA_0125,SEC_ADANIENT,1175682,319
PA_0125-GRASIM,PA_0125,SEC_GRASIM,1175682,108
PA_0125-BAJAJ-AUTO,PA_0125,SEC_BAJAJ-AUTO,1175682,343
PA_0126-SHRIRAMFIN,PA_0126,SEC_SHRIRAMFIN,2616790,145
PA_0126-BHARTIARTL,PA_0126,SEC_BHARTIARTL,2616790,359
PA_0126-INDUSINDBK,PA_0126,SEC_INDUSINDBK,2616790,332
PA_0127-ASIANPAINT,PA_0127,SEC_ASIANPAINT,2781413,403
PA_0127-WIPRO,PA_0127,SEC_WIPRO,2781413,85
PA_0127-TECHM,PA_0127,SEC_TECHM,2781413,336
PA_0127-HINDALCO,PA_0127,SEC_HINDALCO,2781413,434
PA_0127-BPCL,PA_0127,SEC_BPCL,2781413,209
PA_0128-BAJAJ-AUTO,PA_0128,SEC_BAJAJ-AUTO,319171,76
PA_0128-BAJAJ-AUTO,PA_0128,SEC_BAJAJ-AUTO,319171,95
PA_0128-NIFTYBEES,PA_0128,SEC_NIFTYBEES,319171,111
PA_0128-ONGC,PA_0128,SEC_ONGC,319171,215
PA_0128-HEROMOTOCO,PA_0128,SEC_HEROMOTOCO,319171,229
PA_0128-M&M,PA_0128,SEC_M&M,319171,434
PA_0129-ASIANPAINT,PA_0129,SEC_ASIANPAINT,1831360,177
PA_0129-EICHERMOT,PA_0129,SEC_EICHERMOT,1831360,245
PA_0129-HDFCLIFE,PA_0129,SEC_HDFCLIFE,1831360,174
PA_0129-TATACONSUM,PA_0129,SEC_TATACONSUM,1831360,315
PA_0129-TATAMOTORS,PA_0129,SEC_TATAMOTORS,1831360,38
PA_0129-UPL,PA_0129,SEC_UPL,1831360,437
PA_0130-WIPRO,PA_0130,SEC_WIPRO,7819160,369
PA_0130-TATASTEEL,PA_0130,SEC_TATASTEEL,7819160,144
PA_0130-BAJAJ-AUTO,PA_0130,SEC_BAJAJ-AUTO,7819160,96
PA_0131-INDUSINDBK,PA_0131,SEC_INDUSINDBK,394756,365
PA_0131-SBILIFE,PA_0131,SEC_SBILIFE,394756,335
PA_0131-HDFCLIFE,PA_0131,SEC_HDFCLIFE,394756,149
PA_0131-TECHM,PA_0131,SEC_TECHM,394756,294
PA_0131-HINDUNILVR,PA_0131,SEC_HINDUNILVR,394756,178
PA_0131-NESTLEIND,PA_0131,SEC_NESTLEIND,394756,308
PA_0132-WIPRO,PA_0132,SEC_WIPRO,2753209,374
PA_0132-SUNPHARMA,PA_0132,SEC_SUNPHARMA,2753209,260
PA_0132-NIFTYBEES,PA_0132,SEC_NIFTYBEES,2753209,175
PA_0133-ONGC,PA_0133,SEC_ONGC,636631,41
PA_0133-TECHM,PA_0133,SEC_TECHM,636631,362
PA_0133-COALINDIA,PA_0133,SEC_COALINDIA,636631,16
PA_0133-HCLTECH,PA_0133,SEC_HCLTECH,636631,327
PA_0133-HDFCLIFE,PA_0133,SEC_HDFCLIFE,636631,63
PA_0134-EICHERMOT,PA_0134,SEC_EICHERMOT,805069,405
PA_0134-LIQUIDBEES,PA_0134,SEC_LIQUIDBEES,805069,86
PA_0134-ULTRACEMCO,PA_0134,SEC_ULTRACEMCO,805069,106
PA_0134-INFY,PA_0134,SEC_INFY,805069,409
PA_0134-HINDUNILVR,PA_0134,SEC_HINDUNILVR,805069,45
PA_0135-NESTLEIND,PA_0135,SEC_NESTLEIND,1061787,356
PA_0135-HCLTECH,PA_0135,SEC_HCLTECH,1061787,186
PA_0135-JSWSTEEL,PA_0135,SEC_JSWSTEEL,1061787,24
PA_0136-INDUSINDBK,PA_0136,SEC_INDUSINDBK,976255,263
PA_0136-POWERGRID,PA_0136,SEC_POWERGRID,976255,172
PA_0136-TATAMOTORS,PA_0136,SEC_TATAMOTORS,976255,19
PA_0136-TATASTEEL,PA_0136,SEC_TATASTEEL,976255,390
PA_0136-POWERGRID,PA_0136,SEC_POWERGRID,976255,262
PA_0137-LIQUIDBEES,PA_0137,SEC_LIQUIDBEES,1508813,223
PA_0137-SHRIRAMFIN,PA_0137,SEC_SHRIRAMFIN,1508813,296
PA_0137-LT,PA_0137,SEC_LT,1508813,137
PA_0137-ULTRACEMCO,PA_0137,SEC_ULTRACEMCO,1508813,397
PA_0138-POWERGRID,PA_0138,SEC_POWERGRID,694500,170
PA_0138-HINDALCO,PA_0138,SEC_HINDALCO,694500,444
PA_0138-GRASIM,PA_0138,SEC_GRASIM,694500,289
PA_0138-UPL,PA_0138,SEC_UPL,694500,105
PA_0138-INFY,PA_0138,SEC_INFY,694500,430
PA_0138-NIFTYBEES,PA_0138,SEC_NIFTYBEES,694500,206
PA_0139-POWERGRID,PA_0139,SEC_POWERGRID,2394660,407
PA_0139-ITC,PA_0139,SEC_ITC,2394660,428
PA_0139-ADANIENT,PA_0139,SEC_ADANIENT,2394660,110
PA_0139-INDUSINDBK,PA_0139,SEC_INDUSINDBK,2394660,327
PA_0140-BAJAJ-AUTO,PA_0140,SEC_BAJAJ-AUTO,928798,443
PA_0140-RELIANCE,PA_0140,SEC_RELIANCE,928798,448
PA_0140-SHRIRAMFIN,PA_0140,SEC_SHRIRAMFIN,928798,224
PA_0140-BAJAJ-AUTO,PA_0140,SEC_BAJAJ-AUTO,928798,251
PA_0140-SBILIFE,PA_0140,SEC_SBILIFE,928798,67
PA_0140-TATACONSUM,PA_0140,SEC_TATACONSUM,928798,175
PA_0141-SUNPHARMA,PA_0141,SEC_SUNPHARMA,891072,360
PA_0141-JSWSTEEL,PA_0141,SEC_JSWSTEEL,891072,87
PA_0141-HEROMOTOCO,PA_0141,SEC_HEROMOTOCO,891072,449
PA_0141-POWERGRID,PA_0141,SEC_POWERGRID,891072,158
PA_0142-ONGC,PA_0142,SEC_ONGC,861332,24
PA_0142-POWERGRID,PA_0142,SEC_POWERGRID,861332,223
PA_0142-SBILIFE,PA_0142,SEC_SBILIFE,861332,125
PA_0142-RELIANCE,PA_0142,SEC_RELIANCE,861332,359
PA_0143-APOLLOHOSP,PA_0143,SEC_APOLLOHOSP,646329,374
PA_0143-INDUSINDBK,PA_0143,SEC_INDUSINDBK,646329,495
PA_0143-ULTRACEMCO,PA_0143,SEC_ULTRACEMCO,646329,467
PA_0143-ASIANPAINT,PA_0143,SEC_ASIANPAINT,646329,235
PA_0144-TATACONSUM,PA_0144,SEC_TATACONSUM,732440,419
PA_0144-BAJAJ-AUTO,PA_0144,SEC_BAJAJ-AUTO,732440,465
PA_0144-MARUTI,PA_0144,SEC_MARUTI,732440,384
PA_0144-HINDALCO,PA_0144,SEC_HINDALCO,732440,333
PA_0144-NIFTYBEES,PA_0144,SEC_NIFTYBEES,732440,342
PA_0144-ULTRACEMCO,PA_0144,SEC_ULTRACEMCO,732440,455
PA_0145-HINDUNILVR,PA_0145,SEC_HINDUNILVR,2015947,332
PA_0145-APOLLOHOSP,PA_0145,SEC_APOLLOHOSP,2015947,96
PA_0145-M&M,PA_0145,SEC_M&M,2015947,207
PA_0146-JSWSTEEL,PA_0146,SEC_JSWSTEEL,600214,479
PA_0146-HCLTECH,PA_0146,SEC_HCLTECH,600214,168
PA_0146-DRREDDY,PA_0146,SEC_DRREDDY,600214,20
PA_0146-EICHERMOT,PA_0146,SEC_EICHERMOT,600214,178
PA_0146-ASIANPAINT,PA_0146,SEC_ASIANPAINT,600214,191
PA_0147-TCS,PA_0147,SEC_TCS,877360,476
PA_0147-ITC,PA_0147,SEC_ITC,877360,472
PA_0147-SHRIRAMFIN,PA_0147,SEC_SHRIRAMFIN,877360,484
PA_0147-CIPLA,PA_0147,SEC_CIPLA,877360,461
PA_0148-BRITANNIA,PA_0148,SEC_BRITANNIA,611510,101
PA_0148-BPCL,PA_0148,SEC_BPCL,611510,439
PA_0148-UPL,PA_0148,SEC_UPL,611510,251
PA_0149-ULTRACEMCO,PA_0149,SEC_ULTRACEMCO,630574,342
PA_0149-HDFCLIFE,PA_0149,SEC_HDFCLIFE,630574,220
PA_0149-TITAN,PA_0149,SEC_TITAN,630574,389
PA_0149-DIVISLAB,PA_0149,SEC_DIVISLAB,630574,16
PA_0149-ADANIENT,PA_0149,SEC_ADANIENT,630574,460
PA_0150-INFY,PA_0150,SEC_INFY,1075469,247
PA_0150-M&M,PA_0150,SEC_M&M,1075469,73
PA_0150-BAJAJ-AUTO,PA_0150,SEC_BAJAJ-AUTO,1075469,241
PA_0151-POWERGRID,PA_0151,SEC_POWERGRID,1848935,276
PA_0151-ADANIPORTS,PA_0151,SEC_ADANIPORTS,1848935,448
PA_0151-RELIANCE,PA_0151,SEC_RELIANCE,1848935,322
PA_0151-TATASTEEL,PA_0151,SEC_TATASTEEL,1848935,200
PA_0151-HEROMOTOCO,PA_0151,SEC_HEROMOTOCO,1848935,474
PA_0152-TATASTEEL,PA_0152,SEC_TATASTEEL,859033,186
PA_0152-ONGC,PA_0152,SEC_ONGC,859033,436
PA_0152-SUNPHARMA,PA_0152,SEC_SUNPHARMA,859033,29
PA_0152-COALINDIA,PA_0152,SEC_COALINDIA,859033,463
PA_0152-ULTRACEMCO,PA_0152,SEC_ULTRACEMCO,859033,308
PA_0153-TCS,PA_0153,SEC_TCS,326837,167
PA_0153-INFY,PA_0153,SEC_INFY,326837,411
PA_0153-INFY,PA_0153,SEC_INFY,326837,363
PA_0153-NIFTYBEES,PA_0153,SEC_NIFTYBEES,326837,345
PA_0154-LIQUIDBEES,PA_0154,SEC_LIQUIDBEES,1799938,71
PA_0154-INDUSINDBK,PA_0154,SEC_INDUSINDBK,1799938,472
PA_0154-BHARTIARTL,PA_0154,SEC_BHARTIARTL,1799938,170
PA_0155-SUNPHARMA,PA_0155,SEC_SUNPHARMA,707487,21
PA_0155-BHARTIARTL,PA_0155,SEC_BHARTIARTL,707487,146
PA_0155-HINDUNILVR,PA_0155,SEC_HINDUNILVR,707487,235
PA_0156-TITAN,PA_0156,SEC_TITAN,505459,249
PA_0156-ONGC,PA_0156,SEC_ONGC,505459,147
PA_0156-TATAMOTORS,PA_0156,SEC_TATAMOTORS,505459,140
PA_0156-UPL,PA_0156,SEC_UPL,505459,431
PA_0157-TITAN,PA_0157,SEC_TITAN,1674614,83
PA_0157-HCLTECH,PA_0157,SEC_HCLTECH,1674614,360
PA_0157-INDUSINDBK,PA_0157,SEC_INDUSINDBK,1674614,67
PA_0158-BHARTIARTL,PA_0158,SEC_BHARTIARTL,898200,186
PA_0158-TCS,PA_0158,SEC_TCS,898200,109
PA_0158-TITAN,PA_0158,SEC_TITAN,898200,381
PA_0158-TECHM,PA_0158,SEC_TECHM,898200,51
PA_0158-ITC,PA_0158,SEC_ITC,898200,124
PA_0158-TITAN,PA_0158,SEC_TITAN,898200,296
PA_0159-ASIANPAINT,PA_0159,SEC_ASIANPAINT,3468359,81
PA_0159-INFY,PA_0159,SEC_INFY,3468359,382
PA_0159-HINDUNILVR,PA_0159,SEC_HINDUNILVR,3468359,47
PA_0159-NESTLEIND,PA_0159,SEC_NESTLEIND,3468359,335
PA_0159-RELIANCE,PA_0159,SEC_RELIANCE,3468359,207
PA_0160-HCLTECH,PA_0160,SEC_HCLTECH,1179062,223
PA_0160-TATASTEEL,PA_0160,SEC_TATASTEEL,1179062,66
PA_0160-COALINDIA,PA_0160,SEC_COALINDIA,1179062,440
PA_0160-HEROMOTOCO,PA_0160,SEC_HEROMOTOCO,1179062,204
PA_0161-INDUSINDBK,PA_0161,SEC_INDUSINDBK,177523,211
PA_0161-UPL,PA_0161,SEC_UPL,177523,416
PA_0161-BAJAJ-AUTO,PA_0161,SEC_BAJAJ-AUTO,177523,227
PA_0161-GRASIM,PA_0161,SEC_GRASIM,177523,217
PA_0161-BRITANNIA,PA_0161,SEC_BRITANNIA,177523,261
PA_0162-TECHM,PA_0162,SEC_TECHM,1572739,408
PA_0162-TITAN,PA_0162,SEC_TITAN,1572739,125
PA_0162-MARUTI,PA_0162,SEC_MARUTI,1572739,290
PA_0163-TATASTEEL,PA_0163,SEC_TATASTEEL,4599723,173
PA_0163-ADANIPORTS,PA_0163,SEC_ADANIPORTS,4599723,36
PA_0163-ASIANPAINT,PA_0163,SEC_ASIANPAINT,4599723,210
PA_0164-JSWSTEEL,PA_0164,SEC_JSWSTEEL,1106481,494
PA_0164-TITAN,PA_0164,SEC_TITAN,1106481,393
PA_0164-APOLLOHOSP,PA_0164,SEC_APOLLOHOSP,1106481,414
PA_0164-NIFTYBEES,PA_0164,SEC_NIFTYBEES,1106481,406
PA_0164-HCLTECH,PA_0164,SEC_HCLTECH,1106481,289
PA_0165-HINDALCO,PA_0165,SEC_HINDALCO,1153512,314
PA_0165-ITC,PA_0165,SEC_ITC,1153512,437
PA_0165-SBILIFE,PA_0165,SEC_SBILIFE,1153512,234
PA_0166-JSWSTEEL,PA_0166,SEC_JSWSTEEL,1568357,180
PA_0166-TITAN,PA_0166,SEC_TITAN,1568357,137
PA_0166-SHRIRAMFIN,PA_0166,SEC_SHRIRAMFIN,1568357,14
PA_0167-BPCL,PA_0167,SEC_BPCL,1823700,471
PA_0167-JSWSTEEL,PA_0167,SEC_JSWSTEEL,1823700,361
PA_0167-NTPC,PA_0167,SEC_NTPC,1823700,242
PA_0168-DIVISLAB,PA_0168,SEC_DIVISLAB,1793485,267
PA_0168-BPCL,PA_0168,SEC_BPCL,1793485,90
PA_0168-SUNPHARMA,PA_0168,SEC_SUNPHARMA,1793485,134
PA_0169-HINDALCO,PA_0169,SEC_HINDALCO,1175100,197
PA_0169-JSWSTEEL,PA_0169,SEC_JSWSTEEL,1175100,146
PA_0169-NESTLEIND,PA_0169,SEC_NESTLEIND,1175100,64
PA_0169-BAJAJ-AUTO,PA_0169,SEC_BAJAJ-AUTO,1175100,184
PA_0169-HINDALCO,PA_0169,SEC_HINDALCO,1175100,139
PA_0170-COALINDIA,PA_0170,SEC_COALINDIA,1830499,382
PA_0170-NESTLEIND,PA_0170,SEC_NESTLEIND,1830499,265
PA_0170-M&M,PA_0170,SEC_M&M,1830499,337
PA_0170-HINDALCO,PA_0170,SEC_HINDALCO,1830499,254
PA_0171-M&M,PA_0171,SEC_M&M,754244,217
PA_0171-NTPC,PA_0171,SEC_NTPC,754244,257
PA_0171-CIPLA,PA_0171,SEC_CIPLA,754244,130
PA_0171-SBILIFE,PA_0171,SEC_SBILIFE,754244,497
PA_0171-NESTLEIND,PA_0171,SEC_NESTLEIND,754244,64
PA_0171-UPL,PA_0171,SEC_UPL,754244,210
PA_0172-BAJAJ-AUTO,PA_0172,SEC_BAJAJ-AUTO,1169866,385
PA_0172-ULTRACEMCO,PA_0172,SEC_ULTRACEMCO,1169866,48
PA_0172-CIPLA,PA_0172,SEC_CIPLA,1169866,13
PA_0172-ADANIPORTS,PA_0172,SEC_ADANIPORTS,1169866,67
PA_0172-BAJAJ-AUTO,PA_0172,SEC_BAJAJ-AUTO,1169866,448
PA_0172-INFY,PA_0172,SEC_INFY,1169866,92
PA_0173-GRASIM,PA_0173,SEC_GRASIM,578305,416
PA_0173-INDUSINDBK,PA_0173,SEC_INDUSINDBK,578305,313
PA_0173-HEROMOTOCO,PA_0173,SEC_HEROMOTOCO,578305,81
PA_0173-ITC,PA_0173,SEC_ITC,578305,82
PA_0174-DIVISLAB,PA_0174,SEC_DIVISLAB,853610,42
PA_0174-SUNPHARMA,PA_0174,SEC_SUNPHARMA,853610,239
PA_0174-INDUSINDBK,PA_0174,SEC_INDUSINDBK,853610,341
PA_0174-MARUTI,PA_0174,SEC_MARUTI,853610,160
PA_0174-HDFCLIFE,PA_0174,SEC_HDFCLIFE,853610,312
PA_0175-TATAMOTORS,PA_0175,SEC_TATAMOTORS,530276,74
PA_0175-LT,PA_0175,SEC_LT,530276,290
PA_0175-BAJAJ-AUTO,PA_0175,SEC_BAJAJ-AUTO,530276,119
PA_0175-ONGC,PA_0175,SEC_ONGC,530276,426
PA_0175-HINDUNILVR,PA_0175,SEC_HINDUNILVR,530276,111
PA_0176-NIFTYBEES,PA_0176,SEC_NIFTYBEES,988952,443
PA_0176-M&M,PA_0176,SEC_M&M,988952,303
PA_0176-TECHM,PA_0176,SEC_TECHM,988952,334
PA_0176-ASIANPAINT,PA_0176,SEC_ASIANPAINT,988952,326
PA_0177-MARUTI,PA_0177,SEC_MARUTI,1385948,491
PA_0177-LT,PA_0177,SEC_LT,1385948,495
PA_0177-RELIANCE,PA_0177,SEC_RELIANCE,1385948,42
PA_0177-WIPRO,PA_0177,SEC_WIPRO,1385948,18
PA_0178-CIPLA,PA_0178,SEC_CIPLA,993706,454
PA_0178-POWERGRID,PA_0178,SEC_POWERGRID,993706,226
PA_0178-NIFTYBEES,PA_0178,SEC_NIFTYBEES,993706,300
PA_0178-SHRIRAMFIN,PA_0178,SEC_SHRIRAMFIN,993706,394
PA_0178-MARUTI,PA_0178,SEC_MARUTI,993706,203
PA_0179-TCS,PA_0179,SEC_TCS,1618471,139
PA_0179-BHARTIARTL,PA_0179,SEC_BHARTIARTL,1618471,101
PA_0179-GRASIM,PA_0179,SEC_GRASIM,1618471,85
PA_0179-HDFCLIFE,PA_0179,SEC_HDFCLIFE,1618471,326
PA_0180-SBILIFE,PA_0180,SEC_SBILIFE,2225417,289
PA_0180-INDUSINDBK,PA_0180,SEC_INDUSINDBK,2225417,331
PA_0180-GRASIM,PA_0180,SEC_GRASIM,2225417,335
PA_0180-CIPLA,PA_0180,SEC_CIPLA,2225417,389
PA_0180-SUNPHARMA,PA_0180,SEC_SUNPHARMA,2225417,328
PA_0181-TATACONSUM,PA_0181,SEC_TATACONSUM,404324,369
PA_0181-ULTRACEMCO,PA_0181,SEC_ULTRACEMCO,404324,128
PA_0181-HINDALCO,PA_0181,SEC_HINDALCO,404324,430
PA_0181-INFY,PA_0181,SEC_INFY,404324,248
PA_0181-BPCL,PA_0181,SEC_BPCL,404324,179
PA_0181-ONGC,PA_0181,SEC_ONGC,404324,476
PA_0182-TATAMOTORS,PA_0182,SEC_TATAMOTORS,3537825,75
PA_0182-LT,PA_0182,SEC_LT,3537825,271
PA_0182-SBILIFE,PA_0182,SEC_SBILIFE,3537825,18
PA_0183-HINDUNILVR,PA_0183,SEC_HINDUNILVR,1002147,65
PA_0183-SHRIRAMFIN,PA_0183,SEC_SHRIRAMFIN,1002147,107
PA_0183-INDUSINDBK,PA_0183,SEC_INDUSINDBK,1002147,283
PA_0183-BPCL,PA_0183,SEC_BPCL,1002147,289
PA_0183-ULTRACEMCO,PA_0183,SEC_ULTRACEMCO,1002147,135
PA_0183-LT,PA_0183,SEC_LT,1002147,198
PA_0184-APOLLOHOSP,PA_0184,SEC_APOLLOHOSP,646298,380
PA_0184-GRASIM,PA_0184,SEC_GRASIM,646298,259
PA_0184-BHARTIARTL,PA_0184,SEC_BHARTIARTL,646298,50
PA_0184-HEROMOTOCO,PA_0184,SEC_HEROMOTOCO,646298,121
PA_0185-EICHERMOT,PA_0185,SEC_EICHERMOT,930158,444
PA_0185-EICHERMOT,PA_0185,SEC_EICHERMOT,930158,432
PA_0185-ITC,PA_0185,SEC_ITC,930158,477
PA_0185-POWERGRID,PA_0185,SEC_POWERGRID,930158,194
PA_0186-GRASIM,PA_0186,SEC_GRASIM,557149,494
PA_0186-COALINDIA,PA_0186,SEC_COALINDIA,557149,487
PA_0186-TATACONSUM,PA_0186,SEC_TATACONSUM,557149,73
PA_0186-EICHERMOT,PA_0186,SEC_EICHERMOT,557149,16
PA_0186-HCLTECH,PA_0186,SEC_HCLTECH,557149,385
PA_0187-GRASIM,PA_0187,SEC_GRASIM,421357,98
PA_0187-NTPC,PA_0187,SEC_NTPC,421357,295
PA_0187-SBILIFE,PA_0187,SEC_SBILIFE,421357,422
PA_0187-HDFCLIFE,PA_0187,SEC_HDFCLIFE,421357,408
PA_0187-BRITANNIA,PA_0187,SEC_BRITANNIA,421357,267
PA_0188-HDFCLIFE,PA_0188,SEC_HDFCLIFE,1006080,295
PA_0188-NTPC,PA_0188,SEC_NTPC,1006080,68
PA_0188-ITC,PA_0188,SEC_ITC,1006080,358
PA_0188-NTPC,PA_0188,SEC_NTPC,1006080,184
PA_0189-LT,PA_0189,SEC_LT,698178,136
PA_0189-HEROMOTOCO,PA_0189,SEC_HEROMOTOCO,698178,390
PA_0189-COALINDIA,PA_0189,SEC_COALINDIA,698178,17
PA_0189-ITC,PA_0189,SEC_ITC,698178,168
PA_0189-BPCL,PA_0189,SEC_BPCL,698178,480
PA_0190-SHRIRAMFIN,PA_0190,SEC_SHRIRAMFIN,1219845,330
PA_0190-BAJAJ-AUTO,PA_0190,SEC_BAJAJ-AUTO,1219845,392
PA_0190-TITAN,PA_0190,SEC_TITAN,1219845,337
PA_0191-NESTLEIND,PA_0191,SEC_NESTLEIND,571661,118
PA_0191-TITAN,PA_0191,SEC_TITAN,571661,297
PA_0191-COALINDIA,PA_0191,SEC_COALINDIA,571661,35
PA_0191-TATASTEEL,PA_0191,SEC_TATASTEEL,571661,493
PA_0191-TATASTEEL,PA_0191,SEC_TATASTEEL,571661,281
PA_0192-TCS,PA_0192,SEC_TCS,1011152,121
PA_0192-ADANIENT,PA_0192,SEC_ADANIENT,1011152,40
PA_0192-GRASIM,PA_0192,SEC_GRASIM,1011152,191
PA_0192-BHARTIARTL,PA_0192,SEC_BHARTIARTL,1011152,184
PA_0193-LT,PA_0193,SEC_LT,305384,266
PA_0193-HDFCLIFE,PA_0193,SEC_HDFCLIFE,305384,382
PA_0193-TECHM,PA_0193,SEC_TECHM,305384,438
PA_0193-INFY,PA_0193,SEC_INFY,305384,173
PA_0193-SHRIRAMFIN,PA_0193,SEC_SHRIRAMFIN,305384,420
PA_0193-INDUSINDBK,PA_0193,SEC_INDUSINDBK,305384,281
PA_0194-COALINDIA,PA_0194,SEC_COALINDIA,570162,342
PA_0194-HINDUNILVR,PA_0194,SEC_HINDUNILVR,570162,315
PA_0194-M&M,PA_0194,SEC_M&M,570162,262
PA_0194-NESTLEIND,PA_0194,SEC_NESTLEIND,570162,449
PA_0194-NESTLEIND,PA_0194,SEC_NESTLEIND,570162,239
PA_0194-TCS,PA_0194,SEC_TCS,570162,196
PA_0195-BHARTIARTL,PA_0195,SEC_BHARTIARTL,582674,263
PA_0195-HCLTECH,PA_0195,SEC_HCLTECH,582674,488
PA_0195-BPCL,PA_0195,SEC_BPCL,582674,254
PA_0195-RELIANCE,PA_0195,SEC_RELIANCE,582674,149
PA_0195-NTPC,PA_0195,SEC_NTPC,582674,285
PA_0196-TITAN,PA_0196,SEC_TITAN,1291593,54
PA_0196-JSWSTEEL,PA_0196,SEC_JSWSTEEL,1291593,399
PA_0196-GRASIM,PA_0196,SEC_GRASIM,1291593,108
PA_0197-ADANIPORTS,PA_0197,SEC_ADANIPORTS,3023603,50
PA_0197-CIPLA,PA_0197,SEC_CIPLA,3023603,229
PA_0197-NESTLEIND,PA_0197,SEC_NESTLEIND,3023603,356
PA_0198-JSWSTEEL,PA_0198,SEC_JSWSTEEL,553712,217
PA_0198-RELIANCE,PA_0198,SEC_RELIANCE,553712,179
PA_0198-ADANIPORTS,PA_0198,SEC_ADANIPORTS,553712,66
PA_0198-ITC,PA_0198,SEC_ITC,553712,425
PA_0198-LT,PA_0198,SEC_LT,553712,173
PA_0198-EICHERMOT,PA_0198,SEC_EICHERMOT,553712,118
PA_0199-NIFTYBEES,PA_0199,SEC_NIFTYBEES,1069543,242
PA_0199-TATACONSUM,PA_0199,SEC_TATACONSUM,1069543,332
PA_0199-JSWSTEEL,PA_0199,SEC_JSWSTEEL,1069543,189
PA_0200-ULTRACEMCO,PA_0200,SEC_ULTRACEMCO,1480914,35
PA_0200-M&M,PA_0200,SEC_M&M,1480914,230
PA_0200-HINDUNILVR,PA_0200,SEC_HINDUNILVR,1480914,90
PA_0201-TECHM,PA_0201,SEC_TECHM,3945532,24
PA_0201-TATACONSUM,PA_0201,SEC_TATACONSUM,3945532,240
PA_0201-BHARTIARTL,PA_0201,SEC_BHARTIARTL,3945532,322
PA_0202-APOLLOHOSP,PA_0202,SEC_APOLLOHOSP,1691100,462
PA_0202-INFY,PA_0202,SEC_INFY,1691100,291
PA_0202-DIVISLAB,PA_0202,SEC_DIVISLAB,1691100,307
PA_0202-NIFTYBEES,PA_0202,SEC_NIFTYBEES,1691100,379
PA_0203-ITC,PA_0203,SEC_ITC,2420901,228
PA_0203-ASIANPAINT,PA_0203,SEC_ASIANPAINT,2420901,483
PA_0203-SHRIRAMFIN,PA_0203,SEC_SHRIRAMFIN,2420901,360
PA_0203-GRASIM,PA_0203,SEC_GRASIM,2420901,399
PA_0203-HINDUNILVR,PA_0203,SEC_HINDUNILVR,2420901,480
PA_0203-HEROMOTOCO,PA_0203,SEC_HEROMOTOCO,2420901,227
PA_0204-TATASTEEL,PA_0204,SEC_TATASTEEL,1375167,30
PA_0204-SUNPHARMA,PA_0204,SEC_SUNPHARMA,1375167,206
PA_0204-DRREDDY,PA_0204,SEC_DRREDDY,1375167,215
PA_0204-MARUTI,PA_0204,SEC_MARUTI,1375167,143
PA_0204-EICHERMOT,PA_0204,SEC_EICHERMOT,1375167,151
PA_0204-HINDUNILVR,PA_0204,SEC_HINDUNILVR,1375167,95
PA_0205-TCS,PA_0205,SEC_TCS,612610,377
PA_0205-NTPC,PA_0205,SEC_NTPC,612610,93
PA_0205-SHRIRAMFIN,PA_0205,SEC_SHRIRAMFIN,612610,233
PA_0205-ADANIPORTS,PA_0205,SEC_ADANIPORTS,612610,161
PA_0206-TATAMOTORS,PA_0206,SEC_TATAMOTORS,581036,104
PA_0206-TATAMOTORS,PA_0206,SEC_TATAMOTORS,581036,182
PA_0206-ULTRACEMCO,PA_0206,SEC_ULTRACEMCO,581036,71
PA_0207-NTPC,PA_0207,SEC_NTPC,3155500,241
PA_0207-SUNPHARMA,PA_0207,SEC_SUNPHARMA,3155500,341
PA_0207-UPL,PA_0207,SEC_UPL,3155500,390
PA_0207-HEROMOTOCO,PA_0207,SEC_HEROMOTOCO,3155500,75
PA_0208-TECHM,PA_0208,SEC_TECHM,418499,399
PA_0208-HCLTECH,PA_0208,SEC_HCLTECH,418499,76
PA_0208-TATASTEEL,PA_0208,SEC_TATASTEEL,418499,294
PA_0208-ONGC,PA_0208,SEC_ONGC,418499,121
PA_0209-ONGC,PA_0209,SEC_ONGC,1741060,472
PA_0209-HDFCLIFE,PA_0209,SEC_HDFCLIFE,1741060,485
PA_0209-POWERGRID,PA_0209,SEC_POWERGRID,1741060,412
PA_0209-HCLTECH,PA_0209,SEC_HCLTECH,1741060,201
PA_0209-RELIANCE,PA_0209,SEC_RELIANCE,1741060,37
PA_0209-ADANIPORTS,PA_0209,SEC_ADANIPORTS,1741060,65
PA_0210-DRREDDY,PA_0210,SEC_DRREDDY,768550,37
PA_0210-ADANIPORTS,PA_0210,SEC_ADANIPORTS,768550,182
PA_0210-DRREDDY,PA_0210,SEC_DRREDDY,768550,156
PA_0210-SUNPHARMA,PA_0210,SEC_SUNPHARMA,768550,467
PA_0210-ITC,PA_0210,SEC_ITC,768550,202
PA_0210-UPL,PA_0210,SEC_UPL,768550,321
PA_0211-MARUTI,PA_0211,SEC_MARUTI,957178,161
PA_0211-NESTLEIND,PA_0211,SEC_NESTLEIND,957178,286
PA_0211-ADANIPORTS,PA_0211,SEC_ADANIPORTS,957178,109
PA_0211-ADANIENT,PA_0211,SEC_ADANIENT,957178,315
PA_0212-HINDALCO,PA_0212,SEC_HINDALCO,8661149,13
PA_0212-DRREDDY,PA_0212,SEC_DRREDDY,8661149,300
PA_0212-BPCL,PA_0212,SEC_BPCL,8661149,199
PA_0213-TATAMOTORS,PA_0213,SEC_TATAMOTORS,1385710,182
PA_0213-ASIANPAINT,PA_0213,SEC_ASIANPAINT,1385710,352
PA_0213-HDFCLIFE,PA_0213,SEC_HDFCLIFE,1385710,442
PA_0213-BHARTIARTL,PA_0213,SEC_BHARTIARTL,1385710,498
PA_0213-NESTLEIND,PA_0213,SEC_NESTLEIND,1385710,266
PA_0213-APOLLOHOSP,PA_0213,SEC_APOLLOHOSP,1385710,126
PA_0214-NESTLEIND,PA_0214,SEC_NESTLEIND,2783012,250
PA_0214-APOLLOHOSP,PA_0214,SEC_APOLLOHOSP,2783012,379
PA_0214-TATAMOTORS,PA_0214,SEC_TATAMOTORS,2783012,116
PA_0215-NIFTYBEES,PA_0215,SEC_NIFTYBEES,1041955,405
PA_0215-WIPRO,PA_0215,SEC_WIPRO,1041955,224
PA_0215-ULTRACEMCO,PA_0215,SEC_ULTRACEMCO,1041955,130
PA_0216-HEROMOTOCO,PA_0216,SEC_HEROMOTOCO,3137231,255
PA_0216-M&M,PA_0216,SEC_M&M,3137231,169
PA_0216-M&M,PA_0216,SEC_M&M,3137231,167
PA_0217-BRITANNIA,PA_0217,SEC_BRITANNIA,576042,85
PA_0217-HCLTECH,PA_0217,SEC_HCLTECH,576042,56
PA_0217-WIPRO,PA_0217,SEC_WIPRO,576042,269
PA_0217-LIQUIDBEES,PA_0217,SEC_LIQUIDBEES,576042,247
PA_0218-BRITANNIA,PA_0218,SEC_BRITANNIA,678814,283
PA_0218-ADANIENT,PA_0218,SEC_ADANIENT,678814,351
PA_0218-ADANIPORTS,PA_0218,SEC_ADANIPORTS,678814,200
PA_0218-ULTRACEMCO,PA_0218,SEC_ULTRACEMCO,678814,195
PA_0219-TCS,PA_0219,SEC_TCS,2432512,270
PA_0219-DRREDDY,PA_0219,SEC_DRREDDY,2432512,329
PA_0219-NIFTYBEES,PA_0219,SEC_NIFTYBEES,2432512,402
PA_0219-TATAMOTORS,PA_0219,SEC_TATAMOTORS,2432512,314
PA_0220-HINDALCO,PA_0220,SEC_HINDALCO,869064,225
PA_0220-TITAN,PA_0220,SEC_TITAN,869064,281
PA_0220-MARUTI,PA_0220,SEC_MARUTI,869064,34
PA_0220-LT,PA_0220,SEC_LT,869064,350
PA_0220-JSWSTEEL,PA_0220,SEC_JSWSTEEL,869064,338
PA_0220-CIPLA,PA_0220,SEC_CIPLA,869064,84
PA_0221-BHARTIARTL,PA_0221,SEC_BHARTIARTL,1785179,114
PA_0221-NESTLEIND,PA_0221,SEC_NESTLEIND,1785179,372
PA_0221-MARUTI,PA_0221,SEC_MARUTI,1785179,26
PA_0221-MARUTI,PA_0221,SEC_MARUTI,1785179,188
PA_0221-SHRIRAMFIN,PA_0221,SEC_SHRIRAMFIN,1785179,439
PA_0221-SBILIFE,PA_0221,SEC_SBILIFE,1785179,66
PA_0222-ITC,PA_0222,SEC_ITC,859419,290
PA_0222-LIQUIDBEES,PA_0222,SEC_LIQUIDBEES,859419,421
PA_0222-POWERGRID,PA_0222,SEC_POWERGRID,859419,259
PA_0223-NTPC,PA_0223,SEC_NTPC,1366764,249
PA_0223-ITC,PA_0223,SEC_ITC,1366764,303
PA_0223-POWERGRID,PA_0223,SEC_POWERGRID,1366764,383
PA_0224-SHRIRAMFIN,PA_0224,SEC_SHRIRAMFIN,3091743,181
PA_0224-COALINDIA,PA_0224,SEC_COALINDIA,3091743,487
PA_0224-HDFCLIFE,PA_0224,SEC_HDFCLIFE,3091743,227
PA_0224-SHRIRAMFIN,PA_0224,SEC_SHRIRAMFIN,3091743,66
PA_0225-INFY,PA_0225,SEC_INFY,1224842,99
PA_0225-COALINDIA,PA_0225,SEC_COALINDIA,1224842,42
PA_0225-ITC,PA_0225,SEC_ITC,1224842,79
PA_0225-HDFCLIFE,PA_0225,SEC_HDFCLIFE,1224842,170
PA_0225-BRITANNIA,PA_0225,SEC_BRITANNIA,1224842,461
PA_0225-RELIANCE,PA_0225,SEC_RELIANCE,1224842,274
PA_0226-NESTLEIND,PA_0226,SEC_NESTLEIND,3399676,261
PA_0226-INFY,PA_0226,SEC_INFY,3399676,240
PA_0226-CIPLA,PA_0226,SEC_CIPLA,3399676,54
PA_0227-BRITANNIA,PA_0227,SEC_BRITANNIA,458942,24
PA_0227-LT,PA_0227,SEC_LT,458942,172
PA_0227-ITC,PA_0227,SEC_ITC,458942,16
PA_0227-UPL,PA_0227,SEC_UPL,458942,354
PA_0227-INDUSINDBK,PA_0227,SEC_INDUSINDBK,458942,400
PA_0227-BPCL,PA_0227,SEC_BPCL,458942,30
PA_0228-WIPRO,PA_0228,SEC_WIPRO,868705,194
PA_0228-TATACONSUM,PA_0228,SEC_TATACONSUM,868705,231
PA_0228-ADANIPORTS,PA_0228,SEC_ADANIPORTS,868705,143
PA_0229-ADANIPORTS,PA_0229,SEC_ADANIPORTS,1066388,129
PA_0229-DRREDDY,PA_0229,SEC_DRREDDY,1066388,20
PA_0229-SBILIFE,PA_0229,SEC_SBILIFE,1066388,58
PA_0229-ULTRACEMCO,PA_0229,SEC_ULTRACEMCO,1066388,31
PA_0229-ITC,PA_0229,SEC_ITC,1066388,399
PA_0230-WIPRO,PA_0230,SEC_WIPRO,701612,85
PA_0230-HINDALCO,PA_0230,SEC_HINDALCO,701612,291
PA_0230-JSWSTEEL,PA_0230,SEC_JSWSTEEL,701612,51
PA_0230-TATASTEEL,PA_0230,SEC_TATASTEEL,701612,181
PA_0230-ADANIPORTS,PA_0230,SEC_ADANIPORTS,701612,103
PA_0230-SHRIRAMFIN,PA_0230,SEC_SHRIRAMFIN,701612,253
PA_0231-HINDALCO,PA_0231,SEC_HINDALCO,927253,341
PA_0231-NTPC,PA_0231,SEC_NTPC,927253,242
PA_0231-WIPRO,PA_0231,SEC_WIPRO,927253,462
PA_0231-HDFCLIFE,PA_0231,SEC_HDFCLIFE,927253,474
PA_0231-TATACONSUM,PA_0231,SEC_TATACONSUM,927253,267
PA_0232-TITAN,PA_0232,SEC_TITAN,5252690,20
PA_0232-RELIANCE,PA_0232,SEC_RELIANCE,5252690,245
PA_0232-WIPRO,PA_0232,SEC_WIPRO,5252690,335
PA_0232-ADANIPORTS,PA_0232,SEC_ADANIPORTS,5252690,270
PA_0232-DRREDDY,PA_0232,SEC_DRREDDY,5252690,280
PA_0233-GRASIM,PA_0233,SEC_GRASIM,498012,27
PA_0233-M&M,PA_0233,SEC_M&M,498012,101
PA_0233-SUNPHARMA,PA_0233,SEC_SUNPHARMA,498012,293
PA_0233-RELIANCE,PA_0233,SEC_RELIANCE,498012,349
PA_0233-DRREDDY,PA_0233,SEC_DRREDDY,498012,106
PA_0233-TATAMOTORS,PA_0233,SEC_TATAMOTORS,498012,116
PA_0234-NIFTYBEES,PA_0234,SEC_NIFTYBEES,169174,484
PA_0234-HCLTECH,PA_0234,SEC_HCLTECH,169174,105
PA_0234-RELIANCE,PA_0234,SEC_RELIANCE,169174,183
PA_0234-RELIANCE,PA_0234,SEC_RELIANCE,169174,325
PA_0235-LT,PA_0235,SEC_LT,660147,469
PA_0235-SUNPHARMA,PA_0235,SEC_SUNPHARMA,660147,467
PA_0235-SUNPHARMA,PA_0235,SEC_SUNPHARMA,660147,217
PA_0235-M&M,PA_0235,SEC_M&M,660147,263
PA_0236-JSWSTEEL,PA_0236,SEC_JSWSTEEL,704976,394
PA_0236-DRREDDY,PA_0236,SEC_DRREDDY,704976,78
PA_0236-HCLTECH,PA_0236,SEC_HCLTECH,704976,22
PA_0236-ASIANPAINT,PA_0236,SEC_ASIANPAINT,704976,112
PA_0236-ULTRACEMCO,PA_0236,SEC_ULTRACEMCO,704976,324
PA_0237-JSWSTEEL,PA_0237,SEC_JSWSTEEL,4235230,56
PA_0237-TITAN,PA_0237,SEC_TITAN,4235230,92
PA_0237-ASIANPAINT,PA_0237,SEC_ASIANPAINT,4235230,20
PA_0238-BPCL,PA_0238,SEC_BPCL,908770,465
PA_0238-ITC,PA_0238,SEC_ITC,908770,181
PA_0238-TATASTEEL,PA_0238,SEC_TATASTEEL,908770,300
PA_0238-TECHM,PA_0238,SEC_TECHM,908770,449
PA_0239-HDFCLIFE,PA_0239,SEC_HDFCLIFE,1557838,412
PA_0239-TITAN,PA_0239,SEC_TITAN,1557838,287
PA_0239-LT,PA_0239,SEC_LT,1557838,42
PA_0239-INDUSINDBK,PA_0239,SEC_INDUSINDBK,1557838,36
PA_0240-TECHM,PA_0240,SEC_TECHM,485364,402
PA_0240-EICHERMOT,PA_0240,SEC_EICHERMOT,485364,93
PA_0240-LIQUIDBEES,PA_0240,SEC_LIQUIDBEES,485364,289
PA_0240-SBILIFE,PA_0240,SEC_SBILIFE,485364,106
PA_0240-ADANIENT,PA_0240,SEC_ADANIENT,485364,468
PA_0241-CIPLA,PA_0241,SEC_CIPLA,1432353,106
PA_0241-MARUTI,PA_0241,SEC_MARUTI,1432353,475
PA_0241-HINDUNILVR,PA_0241,SEC_HINDUNILVR,1432353,178
PA_0241-TITAN,PA_0241,SEC_TITAN,1432353,345
PA_0242-POWERGRID,PA_0242,SEC_POWERGRID,3208337,460
PA_0242-BHARTIARTL,PA_0242,SEC_BHARTIARTL,3208337,331
PA_0242-UPL,PA_0242,SEC_UPL,3208337,89
PA_0243-TATAMOTORS,PA_0243,SEC_TATAMOTORS,2502876,380
PA_0243-BPCL,PA_0243,SEC_BPCL,2502876,185
PA_0243-INDUSINDBK,PA_0243,SEC_INDUSINDBK,2502876,376
PA_0243-HCLTECH,PA_0243,SEC_HCLTECH,2502876,414
PA_0243-INDUSINDBK,PA_0243,SEC_INDUSINDBK,2502876,90
PA_0244-HCLTECH,PA_0244,SEC_HCLTECH,1216159,159
PA_0244-UPL,PA_0244,SEC_UPL,1216159,129
PA_0244-HEROMOTOCO,PA_0244,SEC_HEROMOTOCO,1216159,323
PA_0244-ONGC,PA_0244,SEC_ONGC,1216159,35
PA_0244-JSWSTEEL,PA_0244,SEC_JSWSTEEL,1216159,285
PA_0245-ADANIENT,PA_0245,SEC_ADANIENT,699153,165
PA_0245-ONGC,PA_0245,SEC_ONGC,699153,185
PA_0245-TATAMOTORS,PA_0245,SEC_TATAMOTORS,699153,413
PA_0245-LT,PA_0245,SEC_LT,699153,417
PA_0245-APOLLOHOSP,PA_0245,SEC_APOLLOHOSP,699153,477
PA_0245-INFY,PA_0245,SEC_INFY,699153,125
PA_0246-INFY,PA_0246,SEC_INFY,4747092,435
PA_0246-COALINDIA,PA_0246,SEC_COALINDIA,4747092,191
PA_0246-BRITANNIA,PA_0246,SEC_BRITANNIA,4747092,370
PA_0247-APOLLOHOSP,PA_0247,SEC_APOLLOHOSP,2206428,28
PA_0247-BHARTIARTL,PA_0247,SEC_BHARTIARTL,2206428,309
PA_0247-BRITANNIA,PA_0247,SEC_BRITANNIA,2206428,67
PA_0248-ULTRACEMCO,PA_0248,SEC_ULTRACEMCO,1928844,44
PA_0248-BAJAJ-AUTO,PA_0248,SEC_BAJAJ-AUTO,1928844,97
PA_0248-SHRIRAMFIN,PA_0248,SEC_SHRIRAMFIN,1928844,131
PA_0248-ULTRACEMCO,PA_0248,SEC_ULTRACEMCO,1928844,134
PA_0249-BHARTIARTL,PA_0249,SEC_BHARTIARTL,1584166,76
PA_0249-NIFTYBEES,PA_0249,SEC_NIFTYBEES,1584166,342
PA_0249-BHARTIARTL,PA_0249,SEC_BHARTIARTL,1584166,494
PA_0249-ONGC,PA_0249,SEC_ONGC,1584166,173
PA_0249-ITC,PA_0249,SEC_ITC,1584166,494
PA_0249-POWERGRID,PA_0249,SEC_POWERGRID,1584166,183
PA_0250-TITAN,PA_0250,SEC_TITAN,636735,416
PA_0250-ADANIENT,PA_0250,SEC_ADANIENT,636735,138
PA_0250-HCLTECH,PA_0250,SEC_HCLTECH,636735,330
PA_0250-INDUSINDBK,PA_0250,SEC_INDUSINDBK,636735,185
PA_0250-POWERGRID,PA_0250,SEC_POWERGRID,636735,138
PA_0251-SBILIFE,PA_0251,SEC_SBILIFE,1196995,447
PA_0251-HDFCLIFE,PA_0251,SEC_HDFCLIFE,1196995,464
PA_0251-HDFCLIFE,PA_0251,SEC_HDFCLIFE,1196995,439
PA_0251-COALINDIA,PA_0251,SEC_COALINDIA,1196995,292
PA_0251-M&M,PA_0251,SEC_M&M,1196995,34
PA_0251-TATACONSUM,PA_0251,SEC_TATACONSUM,1196995,163
PA_0252-RELIANCE,PA_0252,SEC_RELIANCE,4031933,438
PA_0252-WIPRO,PA_0252,SEC_WIPRO,4031933,193
PA_0252-TATAMOTORS,PA_0252,SEC_TATAMOTORS,4031933,175
PA_0252-DRREDDY,PA_0252,SEC_DRREDDY,4031933,27
PA_0252-NESTLEIND,PA_0252,SEC_NESTLEIND,4031933,299
PA_0253-ADANIENT,PA_0253,SEC_ADANIENT,2064976,183
PA_0253-MARUTI,PA_0253,SEC_MARUTI,2064976,366
PA_0253-ADANIENT,PA_0253,SEC_ADANIENT,2064976,458
PA_0254-ULTRACEMCO,PA_0254,SEC_ULTRACEMCO,4703425,123
PA_0254-JSWSTEEL,PA_0254,SEC_JSWSTEEL,4703425,277
PA_0254-APOLLOHOSP,PA_0254,SEC_APOLLOHOSP,4703425,108
PA_0255-TATAMOTORS,PA_0255,SEC_TATAMOTORS,1766381,296
PA_0255-COALINDIA,PA_0255,SEC_COALINDIA,1766381,185
PA_0255-BHARTIARTL,PA_0255,SEC_BHARTIARTL,1766381,164
PA_0255-ADANIENT,PA_0255,SEC_ADANIENT,1766381,204
PA_0256-LT,PA_0256,SEC_LT,631537,60
PA_0256-TATASTEEL,PA_0256,SEC_TATASTEEL,631537,48
PA_0256-BPCL,PA_0256,SEC_BPCL,631537,312
PA_0256-BPCL,PA_0256,SEC_BPCL,631537,427
PA_0256-COALINDIA,PA_0256,SEC_COALINDIA,631537,306
PA_0256-SUNPHARMA,PA_0256,SEC_SUNPHARMA,631537,228
PA_0257-SHRIRAMFIN,PA_0257,SEC_SHRIRAMFIN,553258,121
PA_0257-NTPC,PA_0257,SEC_NTPC,553258,417
PA_0257-POWERGRID,PA_0257,SEC_POWERGRID,553258,261
PA_0257-LT,PA_0257,SEC_LT,553258,10
PA_0257-POWERGRID,PA_0257,SEC_POWERGRID,553258,335
PA_0258-ADANIPORTS,PA_0258,SEC_ADANIPORTS,846379,179
PA_0258-M&M,PA_0258,SEC_M&M,846379,271
PA_0258-NESTLEIND,PA_0258,SEC_NESTLEIND,846379,143
PA_0258-NESTLEIND,PA_0258,SEC_NESTLEIND,846379,450
PA_0259-ADANIPORTS,PA_0259,SEC_ADANIPORTS,647752,261
PA_0259-LIQUIDBEES,PA_0259,SEC_LIQUIDBEES,647752,42
PA_0259-NESTLEIND,PA_0259,SEC_NESTLEIND,647752,27
PA_0259-CIPLA,PA_0259,SEC_CIPLA,647752,193
PA_0259-WIPRO,PA_0259,SEC_WIPRO,647752,212
PA_0260-EICHERMOT,PA_0260,SEC_EICHERMOT,3758625,83
PA_0260-HDFCLIFE,PA_0260,SEC_HDFCLIFE,3758625,351
PA_0260-NIFTYBEES,PA_0260,SEC_NIFTYBEES,3758625,198
PA_0261-HCLTECH,PA_0261,SEC_HCLTECH,1445981,51
PA_0261-ADANIPORTS,PA_0261,SEC_ADANIPORTS,1445981,499
PA_0261-EICHERMOT,PA_0261,SEC_EICHERMOT,1445981,319
PA_0262-ITC,PA_0262,SEC_ITC,1796308,383
PA_0262-M&M,PA_0262,SEC_M&M,1796308,395
PA_0262-WIPRO,PA_0262,SEC_WIPRO,1796308,204
PA_0262-M&M,PA_0262,SEC_M&M,1796308,265
PA_0262-HEROMOTOCO,PA_0262,SEC_HEROMOTOCO,1796308,365
PA_0262-TCS,PA_0262,SEC_TCS,1796308,86
PA_0263-CIPLA,PA_0263,SEC_CIPLA,475880,173
PA_0263-POWERGRID,PA_0263,SEC_POWERGRID,475880,162
PA_0263-DRREDDY,PA_0263,SEC_DRREDDY,475880,69
PA_0263-SHRIRAMFIN,PA_0263,SEC_SHRIRAMFIN,475880,135
PA_0264-EICHERMOT,PA_0264,SEC_EICHERMOT,750825,353
PA_0264-M&M,PA_0264,SEC_M&M,750825,461
PA_0264-LIQUIDBEES,PA_0264,SEC_LIQUIDBEES,750825,196
PA_0264-NTPC,PA_0264,SEC_NTPC,750825,465
PA_0265-TATAMOTORS,PA_0265,SEC_TATAMOTORS,925441,110
PA_0265-JSWSTEEL,PA_0265,SEC_JSWSTEEL,925441,283
PA_0265-WIPRO,PA_0265,SEC_WIPRO,925441,344
PA_0265-RELIANCE,PA_0265,SEC_RELIANCE,925441,283
PA_0265-INFY,PA_0265,SEC_INFY,925441,250
PA_0265-BPCL,PA_0265,SEC_BPCL,925441,367
PA_0266-INDUSINDBK,PA_0266,SEC_INDUSINDBK,1555502,366
PA_0266-POWERGRID,PA_0266,SEC_POWERGRID,1555502,484
PA_0266-MARUTI,PA_0266,SEC_MARUTI,1555502,149
PA_0266-DRREDDY,PA_0266,SEC_DRREDDY,1555502,292
PA_0267-NIFTYBEES,PA_0267,SEC_NIFTYBEES,3612774,98
PA_0267-POWERGRID,PA_0267,SEC_POWERGRID,3612774,32
PA_0267-POWERGRID,PA_0267,SEC_POWERGRID,3612774,250
PA_0268-TECHM,PA_0268,SEC_TECHM,611266,122
PA_0268-HEROMOTOCO,PA_0268,SEC_HEROMOTOCO,611266,499
PA_0268-TATACONSUM,PA_0268,SEC_TATACONSUM,611266,98
PA_0269-M&M,PA_0269,SEC_M&M,2286448,391
PA_0269-ADANIPORTS,PA_0269,SEC_ADANIPORTS,2286448,171
PA_0269-BPCL,PA_0269,SEC_BPCL,2286448,406
PA_0269-INFY,PA_0269,SEC_INFY,2286448,34
PA_0270-BRITANNIA,PA_0270,SEC_BRITANNIA,967879,78
PA_0270-NTPC,PA_0270,SEC_NTPC,967879,118
PA_0270-TECHM,PA_0270,SEC_TECHM,967879,354
PA_0270-RELIANCE,PA_0270,SEC_RELIANCE,967879,402
PA_0271-SBILIFE,PA_0271,SEC_SBILIFE,1923842,373
PA_0271-ASIANPAINT,PA_0271,SEC_ASIANPAINT,1923842,450
PA_0271-HDFCLIFE,PA_0271,SEC_HDFCLIFE,1923842,77
PA_0271-ASIANPAINT,PA_0271,SEC_ASIANPAINT,1923842,225
PA_0271-ADANIENT,PA_0271,SEC_ADANIENT,1923842,420
PA_0271-SHRIRAMFIN,PA_0271,SEC_SHRIRAMFIN,1923842,110
PA_0272-EICHERMOT,PA_0272,SEC_EICHERMOT,4359743,229
PA_0272-JSWSTEEL,PA_0272,SEC_JSWSTEEL,4359743,400
PA_0272-CIPLA,PA_0272,SEC_CIPLA,4359743,305
PA_0272-GRASIM,PA_0272,SEC_GRASIM,4359743,12
PA_0273-SHRIRAMFIN,PA_0273,SEC_SHRIRAMFIN,1397010,40
PA_0273-BAJAJ-AUTO,PA_0273,SEC_BAJAJ-AUTO,1397010,231
PA_0273-TATAMOTORS,PA_0273,SEC_TATAMOTORS,1397010,339
PA_0274-TATAMOTORS,PA_0274,SEC_TATAMOTORS,1980321,484
PA_0274-TITAN,PA_0274,SEC_TITAN,1980321,252
PA_0274-TATAMOTORS,PA_0274,SEC_TATAMOTORS,1980321,283
PA_0275-NTPC,PA_0275,SEC_NTPC,1373397,112
PA_0275-TECHM,PA_0275,SEC_TECHM,1373397,272
PA_0275-APOLLOHOSP,PA_0275,SEC_APOLLOHOSP,1373397,437
PA_0275-TATASTEEL,PA_0275,SEC_TATASTEEL,1373397,300
PA_0276-NTPC,PA_0276,SEC_NTPC,561322,37
PA_0276-BRITANNIA,PA_0276,SEC_BRITANNIA,561322,98
PA_0276-INDUSINDBK,PA_0276,SEC_INDUSINDBK,561322,130
PA_0276-EICHERMOT,PA_0276,SEC_EICHERMOT,561322,397
PA_0277-JSWSTEEL,PA_0277,SEC_JSWSTEEL,723127,93
PA_0277-NIFTYBEES,PA_0277,SEC_NIFTYBEES,723127,118
PA_0277-RELIANCE,PA_0277,SEC_RELIANCE,723127,450
PA_0277-HCLTECH,PA_0277,SEC_HCLTECH,723127,212
PA_0277-GRASIM,PA_0277,SEC_GRASIM,723127,490
PA_0278-M&M,PA_0278,SEC_M&M,482879,301
PA_0278-INDUSINDBK,PA_0278,SEC_INDUSINDBK,482879,120
PA_0278-SBILIFE,PA_0278,SEC_SBILIFE,482879,221
PA_0278-NTPC,PA_0278,SEC_NTPC,482879,404
PA_0278-COALINDIA,PA_0278,SEC_COALINDIA,482879,98
PA_0279-TATAMOTORS,PA_0279,SEC_TATAMOTORS,1367142,411
PA_0279-TECHM,PA_0279,SEC_TECHM,1367142,186
PA_0279-INDUSINDBK,PA_0279,SEC_INDUSINDBK,1367142,349
PA_0280-COALINDIA,PA_0280,SEC_COALINDIA,806498,31
PA_0280-TATAMOTORS,PA_0280,SEC_TATAMOTORS,806498,47
PA_0280-BRITANNIA,PA_0280,SEC_BRITANNIA,806498,56
PA_0281-INFY,PA_0281,SEC_INFY,762563,289
PA_0281-SBILIFE,PA_0281,SEC_SBILIFE,762563,87
PA_0281-GRASIM,PA_0281,SEC_GRASIM,762563,132
PA_0281-TATAMOTORS,PA_0281,SEC_TATAMOTORS,762563,273
PA_0281-NTPC,PA_0281,SEC_NTPC,762563,218
PA_0282-SBILIFE,PA_0282,SEC_SBILIFE,1585702,415
PA_0282-DIVISLAB,PA_0282,SEC_DIVISLAB,1585702,235
PA_0282-TECHM,PA_0282,SEC_TECHM,1585702,70
PA_0282-NTPC,PA_0282,SEC_NTPC,1585702,281
PA_0282-SBILIFE,PA_0282,SEC_SBILIFE,1585702,45
PA_0283-DRREDDY,PA_0283,SEC_DRREDDY,2310977,221
PA_0283-LIQUIDBEES,PA_0283,SEC_LIQUIDBEES,2310977,255
PA_0283-HDFCLIFE,PA_0283,SEC_HDFCLIFE,2310977,130
PA_0283-ULTRACEMCO,PA_0283,SEC_ULTRACEMCO,2310977,221
PA_0284-BRITANNIA,PA_0284,SEC_BRITANNIA,368856,356
PA_0284-TECHM,PA_0284,SEC_TECHM,368856,171
PA_0284-SHRIRAMFIN,PA_0284,SEC_SHRIRAMFIN,368856,352
PA_0284-EICHERMOT,PA_0284,SEC_EICHERMOT,368856,270
PA_0285-LIQUIDBEES,PA_0285,SEC_LIQUIDBEES,2306166,78
PA_0285-TATACONSUM,PA_0285,SEC_TATACONSUM,2306166,498
PA_0285-TCS,PA_0285,SEC_TCS,2306166,56
PA_0285-NIFTYBEES,PA_0285,SEC_NIFTYBEES,2306166,21
PA_0285-RELIANCE,PA_0285,SEC_RELIANCE,2306166,324
PA_0285-APOLLOHOSP,PA_0285,SEC_APOLLOHOSP,2306166,113
PA_0286-SUNPHARMA,PA_0286,SEC_SUNPHARMA,709643,473
PA_0286-TATACONSUM,PA_0286,SEC_TATACONSUM,709643,49
PA_0286-INDUSINDBK,PA_0286,SEC_INDUSINDBK,709643,88
PA_0286-GRASIM,PA_0286,SEC_GRASIM,709643,221
PA_0287-SHRIRAMFIN,PA_0287,SEC_SHRIRAMFIN,1001932,291
PA_0287-ADANIPORTS,PA_0287,SEC_ADANIPORTS,1001932,16
PA_0287-HEROMOTOCO,PA_0287,SEC_HEROMOTOCO,1001932,386
PA_0287-BRITANNIA,PA_0287,SEC_BRITANNIA,1001932,119
PA_0288-BAJAJ-AUTO,PA_0288,SEC_BAJAJ-AUTO,2373515,50
PA_0288-TATAMOTORS,PA_0288,SEC_TATAMOTORS,2373515,65
PA_0288-HDFCLIFE,PA_0288,SEC_HDFCLIFE,2373515,464
PA_0289-HINDALCO,PA_0289,SEC_HINDALCO,528535,402
PA_0289-NTPC,PA_0289,SEC_NTPC,528535,394
PA_0289-SUNPHARMA,PA_0289,SEC_SUNPHARMA,528535,478
PA_0289-GRASIM,PA_0289,SEC_GRASIM,528535,313
PA_0290-NIFTYBEES,PA_0290,SEC_NIFTYBEES,2362627,308
PA_0290-ADANIPORTS,PA_0290,SEC_ADANIPORTS,2362627,210
PA_0290-TCS,PA_0290,SEC_TCS,2362627,397
PA_0291-ADANIPORTS,PA_0291,SEC_ADANIPORTS,1577602,141
PA_0291-TITAN,PA_0291,SEC_TITAN,1577602,254
PA_0291-HINDUNILVR,PA_0291,SEC_HINDUNILVR,1577602,264
PA_0291-ONGC,PA_0291,SEC_ONGC,1577602,407
PA_0291-NESTLEIND,PA_0291,SEC_NESTLEIND,1577602,352
PA_0292-HCLTECH,PA_0292,SEC_HCLTECH,2405189,473
PA_0292-HINDALCO,PA_0292,SEC_HINDALCO,2405189,239
PA_0292-DRREDDY,PA_0292,SEC_DRREDDY,2405189,151
PA_0293-TATAMOTORS,PA_0293,SEC_TATAMOTORS,813290,402
PA_0293-HEROMOTOCO,PA_0293,SEC_HEROMOTOCO,813290,271
PA_0293-SBILIFE,PA_0293,SEC_SBILIFE,813290,337
PA_0293-HINDUNILVR,PA_0293,SEC_HINDUNILVR,813290,89
PA_0293-NESTLEIND,PA_0293,SEC_NESTLEIND,813290,479
PA_0293-BHARTIARTL,PA_0293,SEC_BHARTIARTL,813290,36
PA_0294-POWERGRID,PA_0294,SEC_POWERGRID,1297687,371
PA_0294-NESTLEIND,PA_0294,SEC_NESTLEIND,1297687,470
PA_0294-DRREDDY,PA_0294,SEC_DRREDDY,1297687,86
PA_0295-BRITANNIA,PA_0295,SEC_BRITANNIA,4899532,167
PA_0295-TATASTEEL,PA_0295,SEC_TATASTEEL,4899532,249
PA_0295-WIPRO,PA_0295,SEC_WIPRO,4899532,458
PA_0295-HINDALCO,PA_0295,SEC_HINDALCO,4899532,216
PA_0295-DRREDDY,PA_0295,SEC_DRREDDY,4899532,189
PA_0295-RELIANCE,PA_0295,SEC_RELIANCE,4899532,448
PA_0296-NIFTYBEES,PA_0296,SEC_NIFTYBEES,2530370,472
PA_0296-POWERGRID,PA_0296,SEC_POWERGRID,2530370,463
PA_0296-SBILIFE,PA_0296,SEC_SBILIFE,2530370,477
PA_0296-ULTRACEMCO,PA_0296,SEC_ULTRACEMCO,2530370,73
PA_0297-INDUSINDBK,PA_0297,SEC_INDUSINDBK,963596,96
PA_0297-M&M,PA_0297,SEC_M&M,963596,157
PA_0297-COALINDIA,PA_0297,SEC_COALINDIA,963596,391
PA_0297-SHRIRAMFIN,PA_0297,SEC_SHRIRAMFIN,963596,380
PA_0298-DIVISLAB,PA_0298,SEC_DIVISLAB,6423746,178
PA_0298-BHARTIARTL,PA_0298,SEC_BHARTIARTL,6423746,123
PA_0298-POWERGRID,PA_0298,SEC_POWERGRID,6423746,157
PA_0299-INFY,PA_0299,SEC_INFY,740353,210
PA_0299-ADANIENT,PA_0299,SEC_ADANIENT,740353,251
PA_0299-ULTRACEMCO,PA_0299,SEC_ULTRACEMCO,740353,499
PA_0299-NTPC,PA_0299,SEC_NTPC,740353,384
PA_0299-BPCL,PA_0299,SEC_BPCL,740353,378
PA_0300-TITAN,PA_0300,SEC_TITAN,1058754,387
PA_0300-HEROMOTOCO,PA_0300,SEC_HEROMOTOCO,1058754,405
PA_0300-ADANIPORTS,PA_0300,SEC_ADANIPORTS,1058754,238
PA_0300-M&M,PA_0300,SEC_M&M,1058754,17
PA_0300-CIPLA,PA_0300,SEC_CIPLA,1058754,236
PA_0301-ADANIENT,PA_0301,SEC_ADANIENT,671005,264
PA_0301-UPL,PA_0301,SEC_UPL,671005,329
PA_0301-JSWSTEEL,PA_0301,SEC_JSWSTEEL,671005,374
PA_0301-TATAMOTORS,PA_0301,SEC_TATAMOTORS,671005,447
PA_0301-HCLTECH,PA_0301,SEC_HCLTECH,671005,424
PA_0301-SHRIRAMFIN,PA_0301,SEC_SHRIRAMFIN,671005,338
PA_0302-HCLTECH,PA_0302,SEC_HCLTECH,708647,467
PA_0302-HDFCLIFE,PA_0302,SEC_HDFCLIFE,708647,255
PA_0302-ULTRACEMCO,PA_0302,SEC_ULTRACEMCO,708647,159
PA_0302-SUNPHARMA,PA_0302,SEC_SUNPHARMA,708647,455
PA_0303-HINDALCO,PA_0303,SEC_HINDALCO,477049,338
PA_0303-WIPRO,PA_0303,SEC_WIPRO,477049,297
PA_0303-JSWSTEEL,PA_0303,SEC_JSWSTEEL,477049,151
PA_0303-TATASTEEL,PA_0303,SEC_TATASTEEL,477049,316
PA_0303-ASIANPAINT,PA_0303,SEC_ASIANPAINT,477049,282
PA_0304-APOLLOHOSP,PA_0304,SEC_APOLLOHOSP,665234,154
PA_0304-ULTRACEMCO,PA_0304,SEC_ULTRACEMCO,665234,14
PA_0304-RELIANCE,PA_0304,SEC_RELIANCE,665234,118
PA_0304-LIQUIDBEES,PA_0304,SEC_LIQUIDBEES,665234,196
PA_0304-NESTLEIND,PA_0304,SEC_NESTLEIND,665234,90
PA_0305-BRITANNIA,PA_0305,SEC_BRITANNIA,1238945,387
PA_0305-HCLTECH,PA_0305,SEC_HCLTECH,1238945,57
PA_0305-DRREDDY,PA_0305,SEC_DRREDDY,1238945,190
PA_0305-HCLTECH,PA_0305,SEC_HCLTECH,1238945,210
PA_0305-ULTRACEMCO,PA_0305,SEC_ULTRACEMCO,1238945,19
PA_0305-CIPLA,PA_0305,SEC_CIPLA,1238945,421
PA_0306-NESTLEIND,PA_0306,SEC_NESTLEIND,362586,61
PA_0306-COALINDIA,PA_0306,SEC_COALINDIA,362586,265
PA_0306-POWERGRID,PA_0306,SEC_POWERGRID,362586,73
PA_0306-UPL,PA_0306,SEC_UPL,362586,276
PA_0306-HINDALCO,PA_0306,SEC_HINDALCO,362586,211
PA_0306-RELIANCE,PA_0306,SEC_RELIANCE,362586,25
PA_0307-TATACONSUM,PA_0307,SEC_TATACONSUM,583401,72
PA_0307-ULTRACEMCO,PA_0307,SEC_ULTRACEMCO,583401,357
PA_0307-COALINDIA,PA_0307,SEC_COALINDIA,583401,451
PA_0307-ULTRACEMCO,PA_0307,SEC_ULTRACEMCO,583401,480
PA_0308-NTPC,PA_0308,SEC_NTPC,634018,78
PA_0308-TECHM,PA_0308,SEC_TECHM,634018,36
PA_0308-BAJAJ-AUTO,PA_0308,SEC_BAJAJ-AUTO,634018,148
PA_0308-TATACONSUM,PA_0308,SEC_TATACONSUM,634018,59
PA_0308-ADANIPORTS,PA_0308,SEC_ADANIPORTS,634018,479
PA_0309-TATACONSUM,PA_0309,SEC_TATACONSUM,714730,345
PA_0309-LT,PA_0309,SEC_LT,714730,164
PA_0309-NESTLEIND,PA_0309,SEC_NESTLEIND,714730,334
PA_0310-GRASIM,PA_0310,SEC_GRASIM,2933412,205
PA_0310-M&M,PA_0310,SEC_M&M,2933412,51
PA_0310-CIPLA,PA_0310,SEC_CIPLA,2933412,72
PA_0310-TATACONSUM,PA_0310,SEC_TATACONSUM,2933412,141
PA_0310-SUNPHARMA,PA_0310,SEC_SUNPHARMA,2933412,215
PA_0310-ONGC,PA_0310,SEC_ONGC,2933412,471
PA_0311-INFY,PA_0311,SEC_INFY,1162842,410
PA_0311-ONGC,PA_0311,SEC_ONGC,1162842,275
PA_0311-NESTLEIND,PA_0311,SEC_NESTLEIND,1162842,465
PA_0312-BRITANNIA,PA_0312,SEC_BRITANNIA,1044929,58
PA_0312-RELIANCE,PA_0312,SEC_RELIANCE,1044929,301
PA_0312-BRITANNIA,PA_0312,SEC_BRITANNIA,1044929,56
PA_0312-HDFCLIFE,PA_0312,SEC_HDFCLIFE,1044929,349
PA_0313-TITAN,PA_0313,SEC_TITAN,1075696,423
PA_0313-JSWSTEEL,PA_0313,SEC_JSWSTEEL,1075696,105
PA_0313-APOLLOHOSP,PA_0313,SEC_APOLLOHOSP,1075696,221
PA_0313-SUNPHARMA,PA_0313,SEC_SUNPHARMA,1075696,396
PA_0313-SBILIFE,PA_0313,SEC_SBILIFE,1075696,82
PA_0314-NIFTYBEES,PA_0314,SEC_NIFTYBEES,4336484,456
PA_0314-MARUTI,PA_0314,SEC_MARUTI,4336484,277
PA_0314-TCS,PA_0314,SEC_TCS,4336484,178
PA_0315-NIFTYBEES,PA_0315,SEC_NIFTYBEES,1646218,421
PA_0315-LT,PA_0315,SEC_LT,1646218,338
PA_0315-HCLTECH,PA_0315,SEC_HCLTECH,1646218,422
PA_0315-NTPC,PA_0315,SEC_NTPC,1646218,174
PA_0316-MARUTI,PA_0316,SEC_MARUTI,389395,448
PA_0316-INDUSINDBK,PA_0316,SEC_INDUSINDBK,389395,242
PA_0316-INFY,PA_0316,SEC_INFY,389395,488
PA_0316-TECHM,PA_0316,SEC_TECHM,389395,246
PA_0316-HINDALCO,PA_0316,SEC_HINDALCO,389395,464
PA_0316-HDFCLIFE,PA_0316,SEC_HDFCLIFE,389395,272
PA_0317-CIPLA,PA_0317,SEC_CIPLA,4124484,177
PA_0317-ADANIPORTS,PA_0317,SEC_ADANIPORTS,4124484,65
PA_0317-SHRIRAMFIN,PA_0317,SEC_SHRIRAMFIN,4124484,138
PA_0318-NTPC,PA_0318,SEC_NTPC,1042402,261
PA_0318-JSWSTEEL,PA_0318,SEC_JSWSTEEL,1042402,203
PA_0318-ADANIPORTS,PA_0318,SEC_ADANIPORTS,1042402,186
PA_0319-ADANIPORTS,PA_0319,SEC_ADANIPORTS,531490,21
PA_0319-INDUSINDBK,PA_0319,SEC_INDUSINDBK,531490,275
PA_0319-MARUTI,PA_0319,SEC_MARUTI,531490,298
PA_0319-BAJAJ-AUTO,PA_0319,SEC_BAJAJ-AUTO,531490,408
PA_0319-DIVISLAB,PA_0319,SEC_DIVISLAB,531490,155
PA_0320-SBILIFE,PA_0320,SEC_SBILIFE,2140447,178
PA_0320-HCLTECH,PA_0320,SEC_HCLTECH,2140447,342
PA_0320-BAJAJ-AUTO,PA_0320,SEC_BAJAJ-AUTO,2140447,397
PA_0320-DRREDDY,PA_0320,SEC_DRREDDY,2140447,448
PA_0320-MARUTI,PA_0320,SEC_MARUTI,2140447,387
PA_0321-ULTRACEMCO,PA_0321,SEC_ULTRACEMCO,694816,354
PA_0321-ULTRACEMCO,PA_0321,SEC_ULTRACEMCO,694816,174
PA_0321-RELIANCE,PA_0321,SEC_RELIANCE,694816,456
PA_0321-UPL,PA_0321,SEC_UPL,694816,252
PA_0322-TECHM,PA_0322,SEC_TECHM,1216464,173
PA_0322-TATACONSUM,PA_0322,SEC_TATACONSUM,1216464,381
PA_0322-NIFTYBEES,PA_0322,SEC_NIFTYBEES,1216464,396
PA_0323-LIQUIDBEES,PA_0323,SEC_LIQUIDBEES,673285,252
PA_0323-ONGC,PA_0323,SEC_ONGC,673285,176
PA_0323-DIVISLAB,PA_0323,SEC_DIVISLAB,673285,75
PA_0323-APOLLOHOSP,PA_0323,SEC_APOLLOHOSP,673285,449
PA_0323-TITAN,PA_0323,SEC_TITAN,673285,490
PA_0324-HEROMOTOCO,PA_0324,SEC_HEROMOTOCO,4445653,357
PA_0324-ADANIENT,PA_0324,SEC_ADANIENT,4445653,190
PA_0324-LIQUIDBEES,PA_0324,SEC_LIQUIDBEES,4445653,33
PA_0324-TECHM,PA_0324,SEC_TECHM,4445653,89
PA_0325-INFY,PA_0325,SEC_INFY,622232,107
PA_0325-LT,PA_0325,SEC_LT,622232,254
PA_0325-SHRIRAMFIN,PA_0325,SEC_SHRIRAMFIN,622232,327
PA_0325-EICHERMOT,PA_0325,SEC_EICHERMOT,622232,328
PA_0326-TECHM,PA_0326,SEC_TECHM,736985,173
PA_0326-NTPC,PA_0326,SEC_NTPC,736985,158
PA_0326-NTPC,PA_0326,SEC_NTPC,736985,45
PA_0326-INFY,PA_0326,SEC_INFY,736985,399
PA_0326-ADANIENT,PA_0326,SEC_ADANIENT,736985,390
PA_0327-ITC,PA_0327,SEC_ITC,1451736,309
PA_0327-NTPC,PA_0327,SEC_NTPC,1451736,190
PA_0327-LIQUIDBEES,PA_0327,SEC_LIQUIDBEES,1451736,43
PA_0327-SHRIRAMFIN,PA_0327,SEC_SHRIRAMFIN,1451736,274
PA_0327-HDFCLIFE,PA_0327,SEC_HDFCLIFE,1451736,242
PA_0327-BHARTIARTL,PA_0327,SEC_BHARTIARTL,1451736,309
PA_0328-UPL,PA_0328,SEC_UPL,2085157,25
PA_0328-ADANIPORTS,PA_0328,SEC_ADANIPORTS,2085157,268
PA_0328-M&M,PA_0328,SEC_M&M,2085157,203
PA_0329-CIPLA,PA_0329,SEC_CIPLA,3873769,118
PA_0329-TITAN,PA_0329,SEC_TITAN,3873769,344
PA_0329-ITC,PA_0329,SEC_ITC,3873769,217
PA_0330-ASIANPAINT,PA_0330,SEC_ASIANPAINT,552453,284
PA_0330-M&M,PA_0330,SEC_M&M,552453,72
PA_0330-INFY,PA_0330,SEC_INFY,552453,128
PA_0330-HDFCLIFE,PA_0330,SEC_HDFCLIFE,552453,456
PA_0330-CIPLA,PA_0330,SEC_CIPLA,552453,13
PA_0330-M&M,PA_0330,SEC_M&M,552453,457
PA_0331-MARUTI,PA_0331,SEC_MARUTI,188966,439
PA_0331-CIPLA,PA_0331,SEC_CIPLA,188966,31
PA_0331-NESTLEIND,PA_0331,SEC_NESTLEIND,188966,75
PA_0331-TATASTEEL,PA_0331,SEC_TATASTEEL,188966,18
PA_0331-TITAN,PA_0331,SEC_TITAN,188966,354
PA_0332-TATACONSUM,PA_0332,SEC_TATACONSUM,2984040,260
PA_0332-WIPRO,PA_0332,SEC_WIPRO,2984040,266
PA_0332-WIPRO,PA_0332,SEC_WIPRO,2984040,49
PA_0333-INDUSINDBK,PA_0333,SEC_INDUSINDBK,2111729,131
PA_0333-ADANIPORTS,PA_0333,SEC_ADANIPORTS,2111729,61
PA_0333-ADANIPORTS,PA_0333,SEC_ADANIPORTS,2111729,332
PA_0334-TECHM,PA_0334,SEC_TECHM,1304424,345
PA_0334-SHRIRAMFIN,PA_0334,SEC_SHRIRAMFIN,1304424,271
PA_0334-TATAMOTORS,PA_0334,SEC_TATAMOTORS,1304424,410
PA_0334-COALINDIA,PA_0334,SEC_COALINDIA,1304424,449
PA_0334-TATACONSUM,PA_0334,SEC_TATACONSUM,1304424,77
PA_0334-ITC,PA_0334,SEC_ITC,1304424,242
PA_0335-UPL,PA_0335,SEC_UPL,1181459,132
PA_0335-TITAN,PA_0335,SEC_TITAN,1181459,498
PA_0335-NTPC,PA_0335,SEC_NTPC,1181459,126
PA_0335-BRITANNIA,PA_0335,SEC_BRITANNIA,1181459,294
PA_0335-SUNPHARMA,PA_0335,SEC_SUNPHARMA,1181459,259
PA_0335-TATASTEEL,PA_0335,SEC_TATASTEEL,1181459,377
PA_0336-DRREDDY,PA_0336,SEC_DRREDDY,5116688,201
PA_0336-BHARTIARTL,PA_0336,SEC_BHARTIARTL,5116688,349
PA_0336-ITC,PA_0336,SEC_ITC,5116688,338
PA_0337-SHRIRAMFIN,PA_0337,SEC_SHRIRAMFIN,3785839,28
PA_0337-NESTLEIND,PA_0337,SEC_NESTLEIND,3785839,43
PA_0337-SBILIFE,PA_0337,SEC_SBILIFE,3785839,17
PA_0338-ADANIPORTS,PA_0338,SEC_ADANIPORTS,593234,465
PA_0338-APOLLOHOSP,PA_0338,SEC_APOLLOHOSP,593234,161
PA_0338-ADANIENT,PA_0338,SEC_ADANIENT,593234,116
PA_0338-DIVISLAB,PA_0338,SEC_DIVISLAB,593234,476
PA_0338-INFY,PA_0338,SEC_INFY,593234,162
PA_0338-BPCL,PA_0338,SEC_BPCL,593234,387
PA_0339-SBILIFE,PA_0339,SEC_SBILIFE,2589648,373
PA_0339-NESTLEIND,PA_0339,SEC_NESTLEIND,2589648,97
PA_0339-CIPLA,PA_0339,SEC_CIPLA,2589648,398
PA_0340-HINDUNILVR,PA_0340,SEC_HINDUNILVR,760427,476
PA_0340-ADANIENT,PA_0340,SEC_ADANIENT,760427,236
PA_0340-TATASTEEL,PA_0340,SEC_TATASTEEL,760427,13
PA_0340-DIVISLAB,PA_0340,SEC_DIVISLAB,760427,327
PA_0340-NIFTYBEES,PA_0340,SEC_NIFTYBEES,760427,43
PA_0341-HDFCLIFE,PA_0341,SEC_HDFCLIFE,686084,259
PA_0341-NESTLEIND,PA_0341,SEC_NESTLEIND,686084,379
PA_0341-HDFCLIFE,PA_0341,SEC_HDFCLIFE,686084,158
PA_0341-ASIANPAINT,PA_0341,SEC_ASIANPAINT,686084,120
PA_0341-TATAMOTORS,PA_0341,SEC_TATAMOTORS,686084,323
PA_0342-INDUSINDBK,PA_0342,SEC_INDUSINDBK,425348,242
PA_0342-POWERGRID,PA_0342,SEC_POWERGRID,425348,302
PA_0342-TATAMOTORS,PA_0342,SEC_TATAMOTORS,425348,160
PA_0342-NIFTYBEES,PA_0342,SEC_NIFTYBEES,425348,121
PA_0342-M&M,PA_0342,SEC_M&M,425348,207
PA_0342-SUNPHARMA,PA_0342,SEC_SUNPHARMA,425348,112
PA_0343-ASIANPAINT,PA_0343,SEC_ASIANPAINT,299421,40
PA_0343-UPL,PA_0343,SEC_UPL,299421,440
PA_0343-HEROMOTOCO,PA_0343,SEC_HEROMOTOCO,299421,408
PA_0343-INDUSINDBK,PA_0343,SEC_INDUSINDBK,299421,402
PA_0343-COALINDIA,PA_0343,SEC_COALINDIA,299421,383
PA_0343-ULTRACEMCO,PA_0343,SEC_ULTRACEMCO,299421,413
PA_0344-ONGC,PA_0344,SEC_ONGC,1549788,331
PA_0344-GRASIM,PA_0344,SEC_GRASIM,1549788,395
PA_0344-BHARTIARTL,PA_0344,SEC_BHARTIARTL,1549788,420
PA_0345-DIVISLAB,PA_0345,SEC_DIVISLAB,3233448,269
PA_0345-M&M,PA_0345,SEC_M&M,3233448,23
PA_0345-SHRIRAMFIN,PA_0345,SEC_SHRIRAMFIN,3233448,30
PA_0346-ULTRACEMCO,PA_0346,SEC_ULTRACEMCO,1049546,205
PA_0346-NESTLEIND,PA_0346,SEC_NESTLEIND,1049546,51
PA_0346-INDUSINDBK,PA_0346,SEC_INDUSINDBK,1049546,320
PA_0346-ULTRACEMCO,PA_0346,SEC_ULTRACEMCO,1049546,368
PA_0346-LT,PA_0346,SEC_LT,1049546,122
PA_0346-HCLTECH,PA_0346,SEC_HCLTECH,1049546,429
PA_0347-UPL,PA_0347,SEC_UPL,2464724,202
PA_0347-BPCL,PA_0347,SEC_BPCL,2464724,467
PA_0347-RELIANCE,PA_0347,SEC_RELIANCE,2464724,42
PA_0347-ULTRACEMCO,PA_0347,SEC_ULTRACEMCO,2464724,354
PA_0348-BHARTIARTL,PA_0348,SEC_BHARTIARTL,3612822,190
PA_0348-SBILIFE,PA_0348,SEC_SBILIFE,3612822,421
PA_0348-RELIANCE,PA_0348,SEC_RELIANCE,3612822,197
PA_0349-TATASTEEL,PA_0349,SEC_TATASTEEL,1172460,275
PA_0349-JSWSTEEL,PA_0349,SEC_JSWSTEEL,1172460,391
PA_0349-TATACONSUM,PA_0349,SEC_TATACONSUM,1172460,369
PA_0349-HEROMOTOCO,PA_0349,SEC_HEROMOTOCO,1172460,391
PA_0349-EICHERMOT,PA_0349,SEC_EICHERMOT,1172460,361
PA_0350-EICHERMOT,PA_0350,SEC_EICHERMOT,635872,183
PA_0350-JSWSTEEL,PA_0350,SEC_JSWSTEEL,635872,94
PA_0350-LT,PA_0350,SEC_LT,635872,229
PA_0350-INDUSINDBK,PA_0350,SEC_INDUSINDBK,635872,228
PA_0350-RELIANCE,PA_0350,SEC_RELIANCE,635872,218
PA_0350-TATASTEEL,PA_0350,SEC_TATASTEEL,635872,345
PA_0351-NESTLEIND,PA_0351,SEC_NESTLEIND,565674,237
PA_0351-DIVISLAB,PA_0351,SEC_DIVISLAB,565674,145
PA_0351-COALINDIA,PA_0351,SEC_COALINDIA,565674,131
PA_0352-NIFTYBEES,PA_0352,SEC_NIFTYBEES,298729,94
PA_0352-NTPC,PA_0352,SEC_NTPC,298729,418
PA_0352-MARUTI,PA_0352,SEC_MARUTI,298729,55
PA_0352-TECHM,PA_0352,SEC_TECHM,298729,251
PA_0352-SHRIRAMFIN,PA_0352,SEC_SHRIRAMFIN,298729,320
PA_0352-APOLLOHOSP,PA_0352,SEC_APOLLOHOSP,298729,479
PA_0353-NTPC,PA_0353,SEC_NTPC,2392124,81
PA_0353-NIFTYBEES,PA_0353,SEC_NIFTYBEES,2392124,146
PA_0353-CIPLA,PA_0353,SEC_CIPLA,2392124,382
PA_0353-INDUSINDBK,PA_0353,SEC_INDUSINDBK,2392124,233
PA_0354-ADANIPORTS,PA_0354,SEC_ADANIPORTS,919205,376
PA_0354-NTPC,PA_0354,SEC_NTPC,919205,130
PA_0354-HCLTECH,PA_0354,SEC_HCLTECH,919205,74
PA_0354-HDFCLIFE,PA_0354,SEC_HDFCLIFE,919205,336
PA_0354-BRITANNIA,PA_0354,SEC_BRITANNIA,919205,411
PA_0355-TCS,PA_0355,SEC_TCS,2976564,223
PA_0355-ASIANPAINT,PA_0355,SEC_ASIANPAINT,2976564,104
PA_0355-DRREDDY,PA_0355,SEC_DRREDDY,2976564,55
PA_0356-INDUSINDBK,PA_0356,SEC_INDUSINDBK,952576,53
PA_0356-NTPC,PA_0356,SEC_NTPC,952576,350
PA_0356-RELIANCE,PA_0356,SEC_RELIANCE,952576,486
PA_0356-ITC,PA_0356,SEC_ITC,952576,155
PA_0356-HCLTECH,PA_0356,SEC_HCLTECH,952576,302
PA_0356-APOLLOHOSP,PA_0356,SEC_APOLLOHOSP,952576,33
PA_0357-M&M,PA_0357,SEC_M&M,907316,135
PA_0357-BPCL,PA_0357,SEC_BPCL,907316,191
PA_0357-SUNPHARMA,PA_0357,SEC_SUNPHARMA,907316,204
PA_0357-LT,PA_0357,SEC_LT,907316,227
PA_0358-RELIANCE,PA_0358,SEC_RELIANCE,590036,195
PA_0358-CIPLA,PA_0358,SEC_CIPLA,590036,418
PA_0358-HCLTECH,PA_0358,SEC_HCLTECH,590036,302
PA_0358-TATASTEEL,PA_0358,SEC_TATASTEEL,590036,14
PA_0358-HDFCLIFE,PA_0358,SEC_HDFCLIFE,590036,458
PA_0359-BAJAJ-AUTO,PA_0359,SEC_BAJAJ-AUTO,1261104,101
PA_0359-ADANIENT,PA_0359,SEC_ADANIENT,1261104,177
PA_0359-SBILIFE,PA_0359,SEC_SBILIFE,1261104,95
PA_0360-WIPRO,PA_0360,SEC_WIPRO,1570870,370
PA_0360-CIPLA,PA_0360,SEC_CIPLA,1570870,44
PA_0360-EICHERMOT,PA_0360,SEC_EICHERMOT,1570870,401
PA_0360-TATAMOTORS,PA_0360,SEC_TATAMOTORS,1570870,312
PA_0361-ONGC,PA_0361,SEC_ONGC,1751735,51
PA_0361-SUNPHARMA,PA_0361,SEC_SUNPHARMA,1751735,66
PA_0361-DIVISLAB,PA_0361,SEC_DIVISLAB,1751735,73
PA_0362-TATASTEEL,PA_0362,SEC_TATASTEEL,1262120,253
PA_0362-DIVISLAB,PA_0362,SEC_DIVISLAB,1262120,320
PA_0362-CIPLA,PA_0362,SEC_CIPLA,1262120,194
PA_0362-APOLLOHOSP,PA_0362,SEC_APOLLOHOSP,1262120,483
PA_0362-EICHERMOT,PA_0362,SEC_EICHERMOT,1262120,47
PA_0363-ULTRACEMCO,PA_0363,SEC_ULTRACEMCO,1698320,289
PA_0363-DRREDDY,PA_0363,SEC_DRREDDY,1698320,72
PA_0363-EICHERMOT,PA_0363,SEC_EICHERMOT,1698320,467
PA_0363-SHRIRAMFIN,PA_0363,SEC_SHRIRAMFIN,1698320,343
PA_0363-UPL,PA_0363,SEC_UPL,1698320,326
PA_0363-SHRIRAMFIN,PA_0363,SEC_SHRIRAMFIN,1698320,453
PA_0364-HINDUNILVR,PA_0364,SEC_HINDUNILVR,4660165,190
PA_0364-BRITANNIA,PA_0364,SEC_BRITANNIA,4660165,22
PA_0364-SHRIRAMFIN,PA_0364,SEC_SHRIRAMFIN,4660165,101
PA_0364-BHARTIARTL,PA_0364,SEC_BHARTIARTL,4660165,52
PA_0364-HINDUNILVR,PA_0364,SEC_HINDUNILVR,4660165,200
PA_0364-TCS,PA_0364,SEC_TCS,4660165,179
PA_0365-HDFCLIFE,PA_0365,SEC_HDFCLIFE,1031386,83
PA_0365-INFY,PA_0365,SEC_INFY,1031386,51
PA_0365-SUNPHARMA,PA_0365,SEC_SUNPHARMA,1031386,285
PA_0365-GRASIM,PA_0365,SEC_GRASIM,1031386,343
PA_0365-SBILIFE,PA_0365,SEC_SBILIFE,1031386,347
PA_0365-TATACONSUM,PA_0365,SEC_TATACONSUM,1031386,70
PA_0366-TATASTEEL,PA_0366,SEC_TATASTEEL,499442,385
PA_0366-TCS,PA_0366,SEC_TCS,499442,40
PA_0366-COALINDIA,PA_0366,SEC_COALINDIA,499442,385
PA_0366-COALINDIA,PA_0366,SEC_COALINDIA,499442,474
PA_0367-TATAMOTORS,PA_0367,SEC_TATAMOTORS,397975,24
PA_0367-TATAMOTORS,PA_0367,SEC_TATAMOTORS,397975,264
PA_0367-M&M,PA_0367,SEC_M&M,397975,381
PA_0367-SUNPHARMA,PA_0367,SEC_SUNPHARMA,397975,173
PA_0367-CIPLA,PA_0367,SEC_CIPLA,397975,397
PA_0367-EICHERMOT,PA_0367,SEC_EICHERMOT,397975,148
PA_0368-BRITANNIA,PA_0368,SEC_BRITANNIA,983650,454
PA_0368-M&M,PA_0368,SEC_M&M,983650,234
PA_0368-UPL,PA_0368,SEC_UPL,983650,45
PA_0368-DRREDDY,PA_0368,SEC_DRREDDY,983650,333
PA_0369-BHARTIARTL,PA_0369,SEC_BHARTIARTL,1339290,265
PA_0369-ULTRACEMCO,PA_0369,SEC_ULTRACEMCO,1339290,162
PA_0369-SHRIRAMFIN,PA_0369,SEC_SHRIRAMFIN,1339290,79
PA_0369-TECHM,PA_0369,SEC_TECHM,1339290,79
PA_0370-BAJAJ-AUTO,PA_0370,SEC_BAJAJ-AUTO,877106,394
PA_0370-ASIANPAINT,PA_0370,SEC_ASIANPAINT,877106,105
PA_0370-LIQUIDBEES,PA_0370,SEC_LIQUIDBEES,877106,215
PA_0370-DRREDDY,PA_0370,SEC_DRREDDY,877106,255
PA_0370-NESTLEIND,PA_0370,SEC_NESTLEIND,877106,81
PA_0370-EICHERMOT,PA_0370,SEC_EICHERMOT,877106,494
PA_0371-INFY,PA_0371,SEC_INFY,6099254,49
PA_0371-GRASIM,PA_0371,SEC_GRASIM,6099254,395
PA_0371-TECHM,PA_0371,SEC_TECHM,6099254,317
PA_0371-COALINDIA,PA_0371,SEC_COALINDIA,6099254,453
PA_0372-DRREDDY,PA_0372,SEC_DRREDDY,555817,358
PA_0372-TCS,PA_0372,SEC_TCS,555817,474
PA_0372-GRASIM,PA_0372,SEC_GRASIM,555817,11
PA_0373-LIQUIDBEES,PA_0373,SEC_LIQUIDBEES,2666661,339
PA_0373-APOLLOHOSP,PA_0373,SEC_APOLLOHOSP,2666661,78
PA_0373-ADANIENT,PA_0373,SEC_ADANIENT,2666661,468
PA_0373-COALINDIA,PA_0373,SEC_COALINDIA,2666661,215
PA_0374-COALINDIA,PA_0374,SEC_COALINDIA,524490,405
PA_0374-SHRIRAMFIN,PA_0374,SEC_SHRIRAMFIN,524490,325
PA_0374-HDFCLIFE,PA_0374,SEC_HDFCLIFE,524490,184
PA_0374-MARUTI,PA_0374,SEC_MARUTI,524490,93
PA_0374-SUNPHARMA,PA_0374,SEC_SUNPHARMA,524490,11
PA_0374-ULTRACEMCO,PA_0374,SEC_ULTRACEMCO,524490,57
PA_0375-MARUTI,PA_0375,SEC_MARUTI,2213526,385
PA_0375-TITAN,PA_0375,SEC_TITAN,2213526,264
PA_0375-GRASIM,PA_0375,SEC_GRASIM,2213526,86
PA_0375-NIFTYBEES,PA_0375,SEC_NIFTYBEES,2213526,353
PA_0376-SUNPHARMA,PA_0376,SEC_SUNPHARMA,1085151,63
PA_0376-HEROMOTOCO,PA_0376,SEC_HEROMOTOCO,1085151,446
PA_0376-ADANIENT,PA_0376,SEC_ADANIENT,1085151,272
PA_0376-NIFTYBEES,PA_0376,SEC_NIFTYBEES,1085151,13
PA_0376-DRREDDY,PA_0376,SEC_DRREDDY,1085151,239
PA_0376-SBILIFE,PA_0376,SEC_SBILIFE,1085151,123
PA_0377-EICHERMOT,PA_0377,SEC_EICHERMOT,691345,247
PA_0377-TCS,PA_0377,SEC_TCS,691345,285
PA_0377-LT,PA_0377,SEC_LT,691345,252
PA_0378-SUNPHARMA,PA_0378,SEC_SUNPHARMA,329247,27
PA_0378-ULTRACEMCO,PA_0378,SEC_ULTRACEMCO,329247,455
PA_0378-DIVISLAB,PA_0378,SEC_DIVISLAB,329247,446
PA_0378-SUNPHARMA,PA_0378,SEC_SUNPHARMA,329247,362
PA_0378-INDUSINDBK,PA_0378,SEC_INDUSINDBK,329247,462
PA_0378-HDFCLIFE,PA_0378,SEC_HDFCLIFE,329247,340
PA_0379-LIQUIDBEES,PA_0379,SEC_LIQUIDBEES,528098,41
PA_0379-TITAN,PA_0379,SEC_TITAN,528098,174
PA_0379-CIPLA,PA_0379,SEC_CIPLA,528098,411
PA_0379-ADANIPORTS,PA_0379,SEC_ADANIPORTS,528098,98
PA_0379-UPL,PA_0379,SEC_UPL,528098,120
PA_0380-BPCL,PA_0380,SEC_BPCL,583123,394
PA_0380-ULTRACEMCO,PA_0380,SEC_ULTRACEMCO,583123,115
PA_0380-HCLTECH,PA_0380,SEC_HCLTECH,583123,376
PA_0380-UPL,PA_0380,SEC_UPL,583123,167
PA_0380-ONGC,PA_0380,SEC_ONGC,583123,388
PA_0380-TITAN,PA_0380,SEC_TITAN,583123,193
PA_0381-ADANIENT,PA_0381,SEC_ADANIENT,1048847,225
PA_0381-ITC,PA_0381,SEC_ITC,1048847,74
PA_0381-MARUTI,PA_0381,SEC_MARUTI,1048847,127
PA_0381-INFY,PA_0381,SEC_INFY,1048847,28
PA_0382-TATASTEEL,PA_0382,SEC_TATASTEEL,259754,151
PA_0382-ULTRACEMCO,PA_0382,SEC_ULTRACEMCO,259754,72
PA_0382-CIPLA,PA_0382,SEC_CIPLA,259754,301
PA_0382-TECHM,PA_0382,SEC_TECHM,259754,471
PA_0382-SUNPHARMA,PA_0382,SEC_SUNPHARMA,259754,379
PA_0382-ITC,PA_0382,SEC_ITC,259754,112
PA_0383-LIQUIDBEES,PA_0383,SEC_LIQUIDBEES,1074747,123
PA_0383-APOLLOHOSP,PA_0383,SEC_APOLLOHOSP,1074747,184
PA_0383-M&M,PA_0383,SEC_M&M,1074747,208
PA_0383-ASIANPAINT,PA_0383,SEC_ASIANPAINT,1074747,273
PA_0384-INFY,PA_0384,SEC_INFY,701334,117
PA_0384-POWERGRID,PA_0384,SEC_POWERGRID,701334,385
PA_0384-LIQUIDBEES,PA_0384,SEC_LIQUIDBEES,701334,179
PA_0384-NESTLEIND,PA_0384,SEC_NESTLEIND,701334,129
PA_0384-ADANIENT,PA_0384,SEC_ADANIENT,701334,289
PA_0385-ULTRACEMCO,PA_0385,SEC_ULTRACEMCO,1500757,322
PA_0385-ADANIENT,PA_0385,SEC_ADANIENT,1500757,446
PA_0385-SUNPHARMA,PA_0385,SEC_SUNPHARMA,1500757,284
PA_0386-M&M,PA_0386,SEC_M&M,1220329,445
PA_0386-TECHM,PA_0386,SEC_TECHM,1220329,397
PA_0386-UPL,PA_0386,SEC_UPL,1220329,346
PA_0386-ADANIPORTS,PA_0386,SEC_ADANIPORTS,1220329,329
PA_0386-TATACONSUM,PA_0386,SEC_TATACONSUM,1220329,204
PA_0387-HINDALCO,PA_0387,SEC_HINDALCO,709916,17
PA_0387-TATAMOTORS,PA_0387,SEC_TATAMOTORS,709916,478
PA_0387-MARUTI,PA_0387,SEC_MARUTI,709916,490
PA_0387-JSWSTEEL,PA_0387,SEC_JSWSTEEL,709916,63
PA_0387-TITAN,PA_0387,SEC_TITAN,709916,412
PA_0387-TATASTEEL,PA_0387,SEC_TATASTEEL,709916,134
PA_0388-GRASIM,PA_0388,SEC_GRASIM,1622572,303
PA_0388-SBILIFE,PA_0388,SEC_SBILIFE,1622572,480
PA_0388-RELIANCE,PA_0388,SEC_RELIANCE,1622572,286
PA_0389-TECHM,PA_0389,SEC_TECHM,1568613,207
PA_0389-EICHERMOT,PA_0389,SEC_EICHERMOT,1568613,251
PA_0389-EICHERMOT,PA_0389,SEC_EICHERMOT,1568613,350
PA_0390-HINDUNILVR,PA_0390,SEC_HINDUNILVR,1444167,258
PA_0390-BAJAJ-AUTO,PA_0390,SEC_BAJAJ-AUTO,1444167,147
PA_0390-TATAMOTORS,PA_0390,SEC_TATAMOTORS,1444167,339
PA_0390-ULTRACEMCO,PA_0390,SEC_ULTRACEMCO,1444167,419
PA_0391-JSWSTEEL,PA_0391,SEC_JSWSTEEL,1055256,267
PA_0391-BHARTIARTL,PA_0391,SEC_BHARTIARTL,1055256,323
PA_0391-TITAN,PA_0391,SEC_TITAN,1055256,315
PA_0391-HEROMOTOCO,PA_0391,SEC_HEROMOTOCO,1055256,77
PA_0392-NTPC,PA_0392,SEC_NTPC,1101776,79
PA_0392-EICHERMOT,PA_0392,SEC_EICHERMOT,1101776,279
PA_0392-SBILIFE,PA_0392,SEC_SBILIFE,1101776,380
PA_0392-COALINDIA,PA_0392,SEC_COALINDIA,1101776,179
PA_0392-ULTRACEMCO,PA_0392,SEC_ULTRACEMCO,1101776,106
PA_0392-COALINDIA,PA_0392,SEC_COALINDIA,1101776,177
PA_0393-TATASTEEL,PA_0393,SEC_TATASTEEL,1388454,161
PA_0393-HCLTECH,PA_0393,SEC_HCLTECH,1388454,197
PA_0393-ULTRACEMCO,PA_0393,SEC_ULTRACEMCO,1388454,123
PA_0393-ASIANPAINT,PA_0393,SEC_ASIANPAINT,1388454,496
PA_0393-SHRIRAMFIN,PA_0393,SEC_SHRIRAMFIN,1388454,256
PA_0394-SUNPHARMA,PA_0394,SEC_SUNPHARMA,2036105,434
PA_0394-NIFTYBEES,PA_0394,SEC_NIFTYBEES,2036105,455
PA_0394-BRITANNIA,PA_0394,SEC_BRITANNIA,2036105,148
PA_0395-SHRIRAMFIN,PA_0395,SEC_SHRIRAMFIN,5101171,104
PA_0395-NTPC,PA_0395,SEC_NTPC,5101171,284
PA_0395-BAJAJ-AUTO,PA_0395,SEC_BAJAJ-AUTO,5101171,18
PA_0396-TECHM,PA_0396,SEC_TECHM,1648378,95
PA_0396-NTPC,PA_0396,SEC_NTPC,1648378,377
PA_0396-JSWSTEEL,PA_0396,SEC_JSWSTEEL,1648378,128
PA_0396-TECHM,PA_0396,SEC_TECHM,1648378,383
PA_0397-DIVISLAB,PA_0397,SEC_DIVISLAB,2682533,408
PA_0397-UPL,PA_0397,SEC_UPL,2682533,298
PA_0397-SUNPHARMA,PA_0397,SEC_SUNPHARMA,2682533,364
PA_0397-LIQUIDBEES,PA_0397,SEC_LIQUIDBEES,2682533,98
PA_0398-BHARTIARTL,PA_0398,SEC_BHARTIARTL,1784270,86
PA_0398-SUNPHARMA,PA_0398,SEC_SUNPHARMA,1784270,111
PA_0398-WIPRO,PA_0398,SEC_WIPRO,1784270,192
PA_0398-DIVISLAB,PA_0398,SEC_DIVISLAB,1784270,174
PA_0398-ASIANPAINT,PA_0398,SEC_ASIANPAINT,1784270,175
PA_0399-HINDUNILVR,PA_0399,SEC_HINDUNILVR,1417792,150
PA_0399-HCLTECH,PA_0399,SEC_HCLTECH,1417792,201
PA_0399-RELIANCE,PA_0399,SEC_RELIANCE,1417792,219
PA_0399-ADANIENT,PA_0399,SEC_ADANIENT,1417792,27
PA_0400-POWERGRID,PA_0400,SEC_POWERGRID,298660,34
PA_0400-UPL,PA_0400,SEC_UPL,298660,21
PA_0400-TATACONSUM,PA_0400,SEC_TATACONSUM,298660,197
PA_0400-HINDUNILVR,PA_0400,SEC_HINDUNILVR,298660,394
PA_0400-COALINDIA,PA_0400,SEC_COALINDIA,298660,254
PA_0401-COALINDIA,PA_0401,SEC_COALINDIA,1148809,290
PA_0401-EICHERMOT,PA_0401,SEC_EICHERMOT,1148809,256
PA_0401-MARUTI,PA_0401,SEC_MARUTI,1148809,44
PA_0402-NTPC,PA_0402,SEC_NTPC,1770415,286
PA_0402-RELIANCE,PA_0402,SEC_RELIANCE,1770415,148
PA_0402-HDFCLIFE,PA_0402,SEC_HDFCLIFE,1770415,139
PA_0402-HCLTECH,PA_0402,SEC_HCLTECH,1770415,437
PA_0402-BHARTIARTL,PA_0402,SEC_BHARTIARTL,1770415,78
PA_0403-HINDALCO,PA_0403,SEC_HINDALCO,1457091,482
PA_0403-BHARTIARTL,PA_0403,SEC_BHARTIARTL,1457091,243
PA_0403-GRASIM,PA_0403,SEC_GRASIM,1457091,211
PA_0404-TATAMOTORS,PA_0404,SEC_TATAMOTORS,4276691,349
PA_0404-WIPRO,PA_0404,SEC_WIPRO,4276691,45
PA_0404-INDUSINDBK,PA_0404,SEC_INDUSINDBK,4276691,343
PA_0405-NIFTYBEES,PA_0405,SEC_NIFTYBEES,3100567,419
PA_0405-GRASIM,PA_0405,SEC_GRASIM,3100567,154
PA_0405-UPL,PA_0405,SEC_UPL,3100567,145
PA_0405-SHRIRAMFIN,PA_0405,SEC_SHRIRAMFIN,3100567,362
PA_0406-LT,PA_0406,SEC_LT,1961900,82
PA_0406-NESTLEIND,PA_0406,SEC_NESTLEIND,1961900,36
PA_0406-HINDUNILVR,PA_0406,SEC_HINDUNILVR,1961900,273
PA_0406-ULTRACEMCO,PA_0406,SEC_ULTRACEMCO,1961900,303
PA_0407-BRITANNIA,PA_0407,SEC_BRITANNIA,3807986,89
PA_0407-ONGC,PA_0407,SEC_ONGC,3807986,177
PA_0407-EICHERMOT,PA_0407,SEC_EICHERMOT,3807986,470
PA_0407-M&M,PA_0407,SEC_M&M,3807986,361
PA_0408-NESTLEIND,PA_0408,SEC_NESTLEIND,3475518,57
PA_0408-BRITANNIA,PA_0408,SEC_BRITANNIA,3475518,113
PA_0408-NIFTYBEES,PA_0408,SEC_NIFTYBEES,3475518,487
PA_0408-TITAN,PA_0408,SEC_TITAN,3475518,476
PA_0409-M&M,PA_0409,SEC_M&M,2603644,407
PA_0409-LT,PA_0409,SEC_LT,2603644,226
PA_0409-TATAMOTORS,PA_0409,SEC_TATAMOTORS,2603644,33
PA_0410-UPL,PA_0410,SEC_UPL,1032142,455
PA_0410-EICHERMOT,PA_0410,SEC_EICHERMOT,1032142,220
PA_0410-UPL,PA_0410,SEC_UPL,1032142,298
PA_0411-HEROMOTOCO,PA_0411,SEC_HEROMOTOCO,2839771,314
PA_0411-ADANIENT,PA_0411,SEC_ADANIENT,2839771,260
PA_0411-DRREDDY,PA_0411,SEC_DRREDDY,2839771,338
PA_0411-HINDALCO,PA_0411,SEC_HINDALCO,2839771,387
PA_0411-TATASTEEL,PA_0411,SEC_TATASTEEL,2839771,200
PA_0412-JSWSTEEL,PA_0412,SEC_JSWSTEEL,2881729,495
PA_0412-APOLLOHOSP,PA_0412,SEC_APOLLOHOSP,2881729,489
PA_0412-INDUSINDBK,PA_0412,SEC_INDUSINDBK,2881729,230
PA_0413-SHRIRAMFIN,PA_0413,SEC_SHRIRAMFIN,1213530,383
PA_0413-INFY,PA_0413,SEC_INFY,1213530,347
PA_0413-HINDUNILVR,PA_0413,SEC_HINDUNILVR,1213530,490
PA_0414-NIFTYBEES,PA_0414,SEC_NIFTYBEES,849325,413
PA_0414-BAJAJ-AUTO,PA_0414,SEC_BAJAJ-AUTO,849325,102
PA_0414-HINDUNILVR,PA_0414,SEC_HINDUNILVR,849325,271
PA_0415-LIQUIDBEES,PA_0415,SEC_LIQUIDBEES,3523140,149
PA_0415-BRITANNIA,PA_0415,SEC_BRITANNIA,3523140,266
PA_0415-INFY,PA_0415,SEC_INFY,3523140,228
PA_0415-ASIANPAINT,PA_0415,SEC_ASIANPAINT,3523140,57
PA_0416-NIFTYBEES,PA_0416,SEC_NIFTYBEES,1372741,270
PA_0416-ASIANPAINT,PA_0416,SEC_ASIANPAINT,1372741,377
PA_0416-BPCL,PA_0416,SEC_BPCL,1372741,357
PA_0417-TCS,PA_0417,SEC_TCS,1399351,390
PA_0417-WIPRO,PA_0417,SEC_WIPRO,1399351,489
PA_0417-ONGC,PA_0417,SEC_ONGC,1399351,239
PA_0417-POWERGRID,PA_0417,SEC_POWERGRID,1399351,349
PA_0417-RELIANCE,PA_0417,SEC_RELIANCE,1399351,87
PA_0418-ADANIPORTS,PA_0418,SEC_ADANIPORTS,1299751,167
PA_0418-LIQUIDBEES,PA_0418,SEC_LIQUIDBEES,1299751,162
PA_0418-POWERGRID,PA_0418,SEC_POWERGRID,1299751,179
PA_0418-BPCL,PA_0418,SEC_BPCL,1299751,323
PA_0418-SHRIRAMFIN,PA_0418,SEC_SHRIRAMFIN,1299751,164
PA_0419-POWERGRID,PA_0419,SEC_POWERGRID,838239,410
PA_0419-LIQUIDBEES,PA_0419,SEC_LIQUIDBEES,838239,165
PA_0419-M&M,PA_0419,SEC_M&M,838239,192
PA_0419-M&M,PA_0419,SEC_M&M,838239,293
PA_0419-SBILIFE,PA_0419,SEC_SBILIFE,838239,351
PA_0420-ONGC,PA_0420,SEC_ONGC,1018898,63
PA_0420-HDFCLIFE,PA_0420,SEC_HDFCLIFE,1018898,175
PA_0420-BPCL,PA_0420,SEC_BPCL,1018898,142
PA_0420-APOLLOHOSP,PA_0420,SEC_APOLLOHOSP,1018898,223
PA_0421-HCLTECH,PA_0421,SEC_HCLTECH,3160171,390
PA_0421-TATASTEEL,PA_0421,SEC_TATASTEEL,3160171,297
PA_0421-TATACONSUM,PA_0421,SEC_TATACONSUM,3160171,142
PA_0422-COALINDIA,PA_0422,SEC_COALINDIA,2951409,403
PA_0422-TATACONSUM,PA_0422,SEC_TATACONSUM,2951409,423
PA_0422-TITAN,PA_0422,SEC_TITAN,2951409,124
PA_0422-BPCL,PA_0422,SEC_BPCL,2951409,135
PA_0422-ADANIENT,PA_0422,SEC_ADANIENT,2951409,120
PA_0423-NIFTYBEES,PA_0423,SEC_NIFTYBEES,866573,116
PA_0423-ULTRACEMCO,PA_0423,SEC_ULTRACEMCO,866573,232
PA_0423-HDFCLIFE,PA_0423,SEC_HDFCLIFE,866573,309
PA_0424-SHRIRAMFIN,PA_0424,SEC_SHRIRAMFIN,488258,185
PA_0424-TITAN,PA_0424,SEC_TITAN,488258,238
PA_0424-BPCL,PA_0424,SEC_BPCL,488258,223
PA_0424-SHRIRAMFIN,PA_0424,SEC_SHRIRAMFIN,488258,15
PA_0424-ADANIPORTS,PA_0424,SEC_ADANIPORTS,488258,252
PA_0425-MARUTI,PA_0425,SEC_MARUTI,493083,228
PA_0425-ITC,PA_0425,SEC_ITC,493083,495
PA_0425-WIPRO,PA_0425,SEC_WIPRO,493083,392
PA_0425-SHRIRAMFIN,PA_0425,SEC_SHRIRAMFIN,493083,55
PA_0425-DRREDDY,PA_0425,SEC_DRREDDY,493083,166
PA_0425-LT,PA_0425,SEC_LT,493083,95
PA_0426-JSWSTEEL,PA_0426,SEC_JSWSTEEL,1568476,497
PA_0426-MARUTI,PA_0426,SEC_MARUTI,1568476,31
PA_0426-TCS,PA_0426,SEC_TCS,1568476,120
PA_0426-APOLLOHOSP,PA_0426,SEC_APOLLOHOSP,1568476,326
PA_0427-M&M,PA_0427,SEC_M&M,2172518,242
PA_0427-ADANIENT,PA_0427,SEC_ADANIENT,2172518,272
PA_0427-APOLLOHOSP,PA_0427,SEC_APOLLOHOSP,2172518,289
PA_0427-DRREDDY,PA_0427,SEC_DRREDDY,2172518,108
PA_0427-COALINDIA,PA_0427,SEC_COALINDIA,2172518,382
PA_0428-DIVISLAB,PA_0428,SEC_DIVISLAB,1129348,89
PA_0428-RELIANCE,PA_0428,SEC_RELIANCE,1129348,475
PA_0428-TATACONSUM,PA_0428,SEC_TATACONSUM,1129348,390
PA_0428-ASIANPAINT,PA_0428,SEC_ASIANPAINT,1129348,282
PA_0428-M&M,PA_0428,SEC_M&M,1129348,278
PA_0429-ITC,PA_0429,SEC_ITC,3574783,448
PA_0429-BRITANNIA,PA_0429,SEC_BRITANNIA,3574783,493
PA_0429-ADANIENT,PA_0429,SEC_ADANIENT,3574783,240
PA_0429-ULTRACEMCO,PA_0429,SEC_ULTRACEMCO,3574783,268
PA_0429-TECHM,PA_0429,SEC_TECHM,3574783,96
PA_0430-TATASTEEL,PA_0430,SEC_TATASTEEL,360482,91
PA_0430-TCS,PA_0430,SEC_TCS,360482,472
PA_0430-WIPRO,PA_0430,SEC_WIPRO,360482,239
PA_0430-NESTLEIND,PA_0430,SEC_NESTLEIND,360482,109
PA_0430-EICHERMOT,PA_0430,SEC_EICHERMOT,360482,17
PA_0430-TCS,PA_0430,SEC_TCS,360482,409
PA_0431-INDUSINDBK,PA_0431,SEC_INDUSINDBK,1260995,38
PA_0431-WIPRO,PA_0431,SEC_WIPRO,1260995,20
PA_0431-ONGC,PA_0431,SEC_ONGC,1260995,452
PA_0431-HDFCLIFE,PA_0431,SEC_HDFCLIFE,1260995,71
PA_0432-HINDALCO,PA_0432,SEC_HINDALCO,163388,256
PA_0432-ONGC,PA_0432,SEC_ONGC,163388,118
PA_0432-ONGC,PA_0432,SEC_ONGC,163388,40
PA_0432-COALINDIA,PA_0432,SEC_COALINDIA,163388,466
PA_0432-BAJAJ-AUTO,PA_0432,SEC_BAJAJ-AUTO,163388,489
PA_0432-NESTLEIND,PA_0432,SEC_NESTLEIND,163388,140
PA_0433-ADANIENT,PA_0433,SEC_ADANIENT,271301,346
PA_0433-ADANIPORTS,PA_0433,SEC_ADANIPORTS,271301,494
PA_0433-ULTRACEMCO,PA_0433,SEC_ULTRACEMCO,271301,422
PA_0433-POWERGRID,PA_0433,SEC_POWERGRID,271301,299
PA_0433-TCS,PA_0433,SEC_TCS,271301,201
PA_0433-SHRIRAMFIN,PA_0433,SEC_SHRIRAMFIN,271301,41
PA_0434-ADANIPORTS,PA_0434,SEC_ADANIPORTS,472206,187
PA_0434-ADANIPORTS,PA_0434,SEC_ADANIPORTS,472206,160
PA_0434-TATASTEEL,PA_0434,SEC_TATASTEEL,472206,432
PA_0434-BRITANNIA,PA_0434,SEC_BRITANNIA,472206,178
PA_0434-INFY,PA_0434,SEC_INFY,472206,469
PA_0434-LIQUIDBEES,PA_0434,SEC_LIQUIDBEES,472206,202
PA_0435-TATAMOTORS,PA_0435,SEC_TATAMOTORS,805501,135
PA_0435-RELIANCE,PA_0435,SEC_RELIANCE,805501,245
PA_0435-DIVISLAB,PA_0435,SEC_DIVISLAB,805501,342
PA_0435-HINDUNILVR,PA_0435,SEC_HINDUNILVR,805501,389
PA_0435-TITAN,PA_0435,SEC_TITAN,805501,189
PA_0435-TCS,PA_0435,SEC_TCS,805501,390
PA_0436-LT,PA_0436,SEC_LT,1928430,415
PA_0436-LT,PA_0436,SEC_LT,1928430,466
PA_0436-HINDALCO,PA_0436,SEC_HINDALCO,1928430,453
PA_0436-MARUTI,PA_0436,SEC_MARUTI,1928430,149
PA_0436-M&M,PA_0436,SEC_M&M,1928430,92
PA_0437-HINDUNILVR,PA_0437,SEC_HINDUNILVR,307363,110
PA_0437-ONGC,PA_0437,SEC_ONGC,307363,61
PA_0437-INDUSINDBK,PA_0437,SEC_INDUSINDBK,307363,312
PA_0437-ITC,PA_0437,SEC_ITC,307363,258
PA_0437-COALINDIA,PA_0437,SEC_COALINDIA,307363,435
PA_0437-RELIANCE,PA_0437,SEC_RELIANCE,307363,44
PA_0438-SBILIFE,PA_0438,SEC_SBILIFE,975001,302
PA_0438-TATASTEEL,PA_0438,SEC_TATASTEEL,975001,58
PA_0438-BHARTIARTL,PA_0438,SEC_BHARTIARTL,975001,477
PA_0438-TATASTEEL,PA_0438,SEC_TATASTEEL,975001,144
PA_0438-EICHERMOT,PA_0438,SEC_EICHERMOT,975001,17
PA_0439-TATACONSUM,PA_0439,SEC_TATACONSUM,297297,217
PA_0439-M&M,PA_0439,SEC_M&M,297297,86
PA_0439-LT,PA_0439,SEC_LT,297297,254
PA_0439-HCLTECH,PA_0439,SEC_HCLTECH,297297,333
PA_0439-BHARTIARTL,PA_0439,SEC_BHARTIARTL,297297,312
PA_0439-JSWSTEEL,PA_0439,SEC_JSWSTEEL,297297,40
PA_0440-DIVISLAB,PA_0440,SEC_DIVISLAB,978539,152
PA_0440-JSWSTEEL,PA_0440,SEC_JSWSTEEL,978539,81
PA_0440-RELIANCE,PA_0440,SEC_RELIANCE,978539,72
PA_0440-JSWSTEEL,PA_0440,SEC_JSWSTEEL,978539,20
PA_0440-BPCL,PA_0440,SEC_BPCL,978539,450
PA_0440-INFY,PA_0440,SEC_INFY,978539,371
PA_0441-BAJAJ-AUTO,PA_0441,SEC_BAJAJ-AUTO,959972,337
PA_0441-SUNPHARMA,PA_0441,SEC_SUNPHARMA,959972,210
PA_0441-SHRIRAMFIN,PA_0441,SEC_SHRIRAMFIN,959972,320
PA_0442-UPL,PA_0442,SEC_UPL,1606814,427
PA_0442-NESTLEIND,PA_0442,SEC_NESTLEIND,1606814,116
PA_0442-CIPLA,PA_0442,SEC_CIPLA,1606814,311
PA_0442-BHARTIARTL,PA_0442,SEC_BHARTIARTL,1606814,153
PA_0442-BHARTIARTL,PA_0442,SEC_BHARTIARTL,1606814,361
PA_0442-LIQUIDBEES,PA_0442,SEC_LIQUIDBEES,1606814,62
PA_0443-MARUTI,PA_0443,SEC_MARUTI,1349400,201
PA_0443-SBILIFE,PA_0443,SEC_SBILIFE,1349400,307
PA_0443-APOLLOHOSP,PA_0443,SEC_APOLLOHOSP,1349400,404
PA_0443-TATACONSUM,PA_0443,SEC_TATACONSUM,1349400,347
PA_0443-M&M,PA_0443,SEC_M&M,1349400,81
PA_0444-ADANIENT,PA_0444,SEC_ADANIENT,1396075,230
PA_0444-SUNPHARMA,PA_0444,SEC_SUNPHARMA,1396075,245
PA_0444-M&M,PA_0444,SEC_M&M,1396075,500
PA_0445-TITAN,PA_0445,SEC_TITAN,5436768,316
PA_0445-RELIANCE,PA_0445,SEC_RELIANCE,5436768,142
PA_0445-WIPRO,PA_0445,SEC_WIPRO,5436768,69
PA_0446-HEROMOTOCO,PA_0446,SEC_HEROMOTOCO,1147095,291
PA_0446-ULTRACEMCO,PA_0446,SEC_ULTRACEMCO,1147095,359
PA_0446-HINDUNILVR,PA_0446,SEC_HINDUNILVR,1147095,401
PA_0446-RELIANCE,PA_0446,SEC_RELIANCE,1147095,90
PA_0446-SBILIFE,PA_0446,SEC_SBILIFE,1147095,156
PA_0447-HINDUNILVR,PA_0447,SEC_HINDUNILVR,617718,47
PA_0447-UPL,PA_0447,SEC_UPL,617718,373
PA_0447-BAJAJ-AUTO,PA_0447,SEC_BAJAJ-AUTO,617718,265
PA_0447-TITAN,PA_0447,SEC_TITAN,617718,273
PA_0447-APOLLOHOSP,PA_0447,SEC_APOLLOHOSP,617718,454
PA_0447-CIPLA,PA_0447,SEC_CIPLA,617718,193
PA_0448-BAJAJ-AUTO,PA_0448,SEC_BAJAJ-AUTO,955417,114
PA_0448-JSWSTEEL,PA_0448,SEC_JSWSTEEL,955417,47
PA_0448-TATASTEEL,PA_0448,SEC_TATASTEEL,955417,103
PA_0448-SHRIRAMFIN,PA_0448,SEC_SHRIRAMFIN,955417,249
PA_0448-NTPC,PA_0448,SEC_NTPC,955417,185
PA_0449-INDUSINDBK,PA_0449,SEC_INDUSINDBK,1646165,291
PA_0449-GRASIM,PA_0449,SEC_GRASIM,1646165,289
PA_0449-BAJAJ-AUTO,PA_0449,SEC_BAJAJ-AUTO,1646165,198
PA_0449-GRASIM,PA_0449,SEC_GRASIM,1646165,386
PA_0449-DRREDDY,PA_0449,SEC_DRREDDY,1646165,328
PA_0450-WIPRO,PA_0450,SEC_WIPRO,2340206,492
PA_0450-SHRIRAMFIN,PA_0450,SEC_SHRIRAMFIN,2340206,429
PA_0450-RELIANCE,PA_0450,SEC_RELIANCE,2340206,108
PA_0450-JSWSTEEL,PA_0450,SEC_JSWSTEEL,2340206,208
